ticker,fiscal_period_end,fiscal_year,company_name,sector,industry,exchange,currency,current_share_price,current_market_cap,current_enterprise_value,current_shares_outstanding,current_shares_short,current_short_ratio,current_short_percent_of_float,current_insider_ownership_percent,current_institutional_ownership_percent,current_book_value_per_share,current_forward_eps,total_revenue,cost_of_revenue,gross_profit,ebit,operating_income,ebitda,normalized_income,pretax_income,tax_provision,tax_rate_for_calcs,net_income,net_income_continuing_operations,selling_general_and_administration,interest_expense,basic_average_shares,diluted_average_shares,basic_eps,diluted_eps,total_assets,current_assets,cash_and_cash_equivalents,cash_and_short_term_investments,accounts_receivable,inventory,net_property_plant_equipment,current_liabilities,current_debt,current_debt_and_capital_lease_obligation,taxes_payable,total_liabilities,total_liabilities_net_minority_interest,total_non_current_liabilities,long_term_debt,long_term_debt_and_capital_lease_obligation,total_debt,preferred_stock,minority_interest,stockholders_equity,common_stock_equity,retained_earnings,working_capital,ordinary_shares_number,operating_cash_flow,capital_expenditure,free_cash_flow,depreciation_and_amortization,change_in_working_capital,issuance_of_capital_stock,repurchase_of_capital_stock,net_common_stock_issuance,stock_based_compensation,cash_dividends_paid,issuance_of_debt,repayment_of_debt,fiscal_price_date,fiscal_period_end_close,fiscal_period_end_adjusted_close
AAPL,2025-09-30,2025,Apple Inc.,Technology,Consumer Electronics,NMS,USD,331.34,4835635625984,4882974638080,14594180000,139749097,2.97,0.0095999995,0.01648,0.66339993,7.36,9.58285,416161000000.0,220960000000.0,195201000000.0,133050000000.0,133050000000.0,144748000000.0,112010000000.0,132729000000.0,20719000000.0,0.156,112010000000.0,112010000000.0,27601000000.0,,14948500000.0,15004697000.0,7.49,7.46,359241000000.0,147957000000.0,35934000000.0,54697000000.0,39777000000.0,5718000000.0,49834000000.0,165631000000.0,20329000000.0,20329000000.0,13016000000.0,,285508000000.0,119877000000.0,78328000000.0,78328000000.0,98657000000.0,,,73733000000.0,73733000000.0,-14264000000.0,-17674000000.0,14773260000.0,111482000000.0,-12715000000.0,98767000000.0,11698000000.0,-25000000000.0,,-90711000000.0,-90711000000.0,12863000000.0,-15421000000.0,4481000000.0,-10932000000.0,2025-09-30,254.6300048828125,253.69287109375
AAPL,2024-09-30,2024,Apple Inc.,Technology,Consumer Electronics,NMS,USD,331.34,4835635625984,4882974638080,14594180000,139749097,2.97,0.0095999995,0.01648,0.66339993,7.36,9.58285,391035000000.0,210352000000.0,180683000000.0,123216000000.0,123216000000.0,134661000000.0,93736000000.0,123485000000.0,29749000000.0,0.241,93736000000.0,93736000000.0,26097000000.0,,15343783000.0,15408095000.0,6.11,6.08,364980000000.0,152987000000.0,29943000000.0,65171000000.0,33410000000.0,7286000000.0,45680000000.0,176392000000.0,20879000000.0,20879000000.0,26601000000.0,,308030000000.0,131638000000.0,85750000000.0,85750000000.0,106629000000.0,,,56950000000.0,56950000000.0,-19154000000.0,-23405000000.0,15116786000.0,118254000000.0,-9447000000.0,108807000000.0,11445000000.0,3651000000.0,,-94949000000.0,-94949000000.0,11688000000.0,-15234000000.0,0.0,-9958000000.0,2024-09-30,233.0,231.0670928955078
AAPL,2023-09-30,2023,Apple Inc.,Technology,Consumer Electronics,NMS,USD,331.34,4835635625984,4882974638080,14594180000,139749097,2.97,0.0095999995,0.01648,0.66339993,7.36,9.58285,383285000000.0,214137000000.0,169148000000.0,114301000000.0,114301000000.0,125820000000.0,96995000000.0,113736000000.0,16741000000.0,0.147,96995000000.0,96995000000.0,24932000000.0,3933000000.0,15744231000.0,15812547000.0,6.16,6.13,352583000000.0,143566000000.0,29965000000.0,61555000000.0,29508000000.0,6331000000.0,43715000000.0,145308000000.0,15807000000.0,15807000000.0,8819000000.0,,290437000000.0,145129000000.0,95281000000.0,95281000000.0,111088000000.0,,,62146000000.0,62146000000.0,-214000000.0,-1742000000.0,15550061000.0,110543000000.0,-10959000000.0,99584000000.0,11519000000.0,-6577000000.0,,-77550000000.0,-77550000000.0,10833000000.0,-15025000000.0,5228000000.0,-11151000000.0,2023-09-29,171.2100067138672,168.92526245117188
AAPL,2022-09-30,2022,Apple Inc.,Technology,Consumer Electronics,NMS,USD,331.34,4835635625984,4882974638080,14594180000,139749097,2.97,0.0095999995,0.01648,0.66339993,7.36,9.58285,394328000000.0,223546000000.0,170782000000.0,119437000000.0,119437000000.0,130541000000.0,99803000000.0,119103000000.0,19300000000.0,0.162,99803000000.0,99803000000.0,25094000000.0,2931000000.0,16215963000.0,16325819000.0,6.15,6.11,352755000000.0,135405000000.0,23646000000.0,48304000000.0,28184000000.0,4946000000.0,42117000000.0,153982000000.0,21110000000.0,22773000000.0,6552000000.0,,302083000000.0,148101000000.0,98959000000.0,109707000000.0,132480000000.0,,,50672000000.0,50672000000.0,-3068000000.0,-18577000000.0,15943425000.0,122151000000.0,-10708000000.0,111443000000.0,11104000000.0,1200000000.0,,-89402000000.0,-89402000000.0,9038000000.0,-14841000000.0,5465000000.0,-9543000000.0,2022-09-30,138.1999969482422,135.5515899658203
AAPL,2021-09-30,2021,Apple Inc.,Technology,Consumer Electronics,NMS,USD,331.34,4835635625984,4882974638080,14594180000,139749097,2.97,0.0095999995,0.01648,0.66339993,7.36,9.58285,,,,,,,,,,,,,,2645000000.0,,,,,,,,,,,,,,,,,,,,,,,,,,,,,,,,,,1105000000.0,,,,,,,2021-09-30,141.5,138.0150146484375
ABBV,2025-12-31,2025,AbbVie Inc.,Healthcare,Drug Manufacturers - General,NYQ,USD,263.005,464760700928,526941290496,1767117285,19514024,4.0,0.0123000005,0.0011,0.77362,-3.359,16.27952,61160000000.0,18204000000.0,42956000000.0,9490000000.0,20091000000.0,17629000000.0,7481758981.355161,6597000000.0,2364000000.0,0.358345,4226000000.0,4233000000.0,14010000000.0,2893000000.0,1767876035.0,1773000000.0,2.390439,2.36,133960000000.0,29062000000.0,5229000000.0,5257000000.0,12589000000.0,4951000000.0,5628000000.0,43289000000.0,8555000000.0,8555000000.0,,,137188000000.0,93899000000.0,58941000000.0,58941000000.0,67496000000.0,,42000000.0,-3270000000.0,-3270000000.0,-15493000000.0,-14227000000.0,1767876035.0,19030000000.0,-1214000000.0,17816000000.0,8139000000.0,-2362000000.0,,-980000000.0,-980000000.0,955000000.0,-11657000000.0,9291000000.0,-9595000000.0,2025-12-31,228.49000549316406,223.2125244140625
ABBV,2024-12-31,2024,AbbVie Inc.,Healthcare,Drug Manufacturers - General,NYQ,USD,263.005,464760700928,526941290496,1767117285,19514024,4.0,0.0123000005,0.0011,0.77362,-3.359,16.27952,56334000000.0,16904000000.0,39430000000.0,6524000000.0,11894000000.0,14910000000.0,6343998600.0,3716000000.0,-570000000.0,0.2563,4278000000.0,4286000000.0,14752000000.0,2808000000.0,1765256986.0,1773000000.0,2.423443,2.39,135161000000.0,25582000000.0,5524000000.0,5555000000.0,10919000000.0,4181000000.0,5134000000.0,38749000000.0,6804000000.0,6804000000.0,,,131797000000.0,93048000000.0,60340000000.0,60340000000.0,67144000000.0,,39000000.0,3325000000.0,3325000000.0,-7900000000.0,-13167000000.0,1765256986.0,18806000000.0,-974000000.0,17832000000.0,8386000000.0,-2782000000.0,,-1708000000.0,-1708000000.0,911000000.0,-11025000000.0,21971000000.0,-14621000000.0,2024-12-31,177.6999969482422,167.73080444335938
ABBV,2023-12-31,2023,AbbVie Inc.,Healthcare,Drug Manufacturers - General,NYQ,USD,263.005,464760700928,526941290496,1767117285,19514024,4.0,0.0123000005,0.0011,0.77362,-3.359,16.27952,54318000000.0,20415000000.0,33903000000.0,8474000000.0,13535000000.0,17172000000.0,5583720000.0,6250000000.0,1377000000.0,0.22,4863000000.0,4873000000.0,12872000000.0,2224000000.0,1765940733.0,1773000000.0,2.753773,2.72,134711000000.0,33002000000.0,12814000000.0,12816000000.0,11155000000.0,4099000000.0,4989000000.0,37841000000.0,7191000000.0,7191000000.0,,,124314000000.0,86473000000.0,52194000000.0,52194000000.0,59385000000.0,,37000000.0,10360000000.0,10360000000.0,-1000000000.0,-4839000000.0,1765940733.0,22839000000.0,-777000000.0,22062000000.0,8698000000.0,2813000000.0,,-1972000000.0,-1972000000.0,747000000.0,-10539000000.0,0.0,-4149000000.0,2023-12-29,154.97000122070312,141.11740112304688
ABBV,2022-12-31,2022,AbbVie Inc.,Healthcare,Drug Manufacturers - General,NYQ,USD,263.005,464760700928,526941290496,1767117285,19514024,4.0,0.0123000005,0.0011,0.77362,-3.359,16.27952,58054000000.0,17414000000.0,40640000000.0,15707000000.0,18814000000.0,24174000000.0,12578755000.0,13477000000.0,1632000000.0,0.121,11836000000.0,11845000000.0,15260000000.0,2230000000.0,1769181294.0,1778000000.0,6.6901,6.63,138805000000.0,28463000000.0,9201000000.0,9229000000.0,11254000000.0,3579000000.0,4935000000.0,29538000000.0,4136000000.0,4136000000.0,,,121518000000.0,91980000000.0,59135000000.0,59135000000.0,63271000000.0,,33000000.0,17254000000.0,17254000000.0,4784000000.0,-1075000000.0,1769181294.0,24943000000.0,-695000000.0,24248000000.0,8467000000.0,-94000000.0,,-1487000000.0,-1487000000.0,671000000.0,-10043000000.0,2000000000.0,-14433000000.0,2022-12-30,161.61000061035156,141.4495849609375
ABBV,2021-12-31,2021,AbbVie Inc.,Healthcare,Drug Manufacturers - General,NYQ,USD,263.005,464760700928,526941290496,1767117285,19514024,4.0,0.0123000005,0.0011,0.77362,-3.359,16.27952,,,,,,,,,,,,,,,,,,,,,,,,,,,,,,,,,,,,,,,,,,,,,,,,,,,,,,,2021-12-31,135.39999389648438,114.06517791748047
ABT,2025-12-31,2025,Abbott Laboratories,Healthcare,Medical Devices,NYQ,USD,102.03,176551018496,206154219520,1730383296,22129750,2.83,0.0143,0.00495,0.81821,29.537,6.06545,44328000000.0,19319000000.0,25009000000.0,8959000000.0,8053000000.0,12075000000.0,6485450000.0,8466000000.0,1942000000.0,0.229,6524000000.0,6524000000.0,12332000000.0,493000000.0,1736599451.0,1749000000.0,3.756767,3.72,86713000000.0,25996000000.0,8522000000.0,8939000000.0,7929000000.0,6488000000.0,11816000000.0,16496000000.0,3033000000.0,3033000000.0,569000000.0,,33942000000.0,17446000000.0,9896000000.0,10827000000.0,13860000000.0,0.0,641000000.0,52130000000.0,52130000000.0,49781000000.0,9500000000.0,1736599451.0,9566000000.0,-2171000000.0,7395000000.0,3116000000.0,-803000000.0,,-893000000.0,-893000000.0,664000000.0,-4116000000.0,5000000.0,-1504000000.0,2025-12-31,125.29000091552734,123.00404357910156
ABT,2024-12-31,2024,Abbott Laboratories,Healthcare,Medical Devices,NYQ,USD,102.03,176551018496,206154219520,1730383296,22129750,2.83,0.0143,0.00495,0.81821,29.537,6.06545,41950000000.0,18706000000.0,23244000000.0,7572000000.0,6825000000.0,10790000000.0,13380670000.0,7013000000.0,-6389000000.0,0.21,13402000000.0,13402000000.0,11697000000.0,559000000.0,1731697991.0,1748000000.0,7.739225,7.64,81414000000.0,23656000000.0,7616000000.0,7967000000.0,6925000000.0,6194000000.0,10658000000.0,14157000000.0,1500000000.0,1500000000.0,594000000.0,,33513000000.0,19356000000.0,12625000000.0,13521000000.0,15021000000.0,0.0,237000000.0,47664000000.0,47664000000.0,47261000000.0,9499000000.0,1731697991.0,8558000000.0,-2207000000.0,6351000000.0,3218000000.0,-9217000000.0,,-1295000000.0,-1295000000.0,673000000.0,-3836000000.0,223000000.0,-660000000.0,2024-12-31,113.11000061035156,108.98126220703125
ABT,2023-12-31,2023,Abbott Laboratories,Healthcare,Medical Devices,NYQ,USD,102.03,176551018496,206154219520,1730383296,22129750,2.83,0.0143,0.00495,0.81821,29.537,6.06545,40109000000.0,17975000000.0,22134000000.0,7301000000.0,6478000000.0,10544000000.0,5758219000.0,6664000000.0,941000000.0,0.141,5723000000.0,5723000000.0,10949000000.0,637000000.0,1734076358.0,1749000000.0,3.300316,3.26,73214000000.0,22670000000.0,6896000000.0,7279000000.0,6565000000.0,6570000000.0,10154000000.0,13841000000.0,1080000000.0,1080000000.0,492000000.0,,34387000000.0,20546000000.0,13599000000.0,14548000000.0,15628000000.0,0.0,224000000.0,38603000000.0,38603000000.0,37554000000.0,8829000000.0,1734076358.0,7261000000.0,-2202000000.0,5059000000.0,3243000000.0,-2475000000.0,,-1227000000.0,-1227000000.0,644000000.0,-3556000000.0,2000000.0,-2498000000.0,2023-12-29,110.06999969482422,103.97724914550781
ABT,2022-12-31,2022,Abbott Laboratories,Healthcare,Medical Devices,NYQ,USD,102.03,176551018496,206154219520,1730383296,22129750,2.83,0.0143,0.00495,0.81821,29.537,6.06545,43653000000.0,19142000000.0,24511000000.0,8864000000.0,8362000000.0,12131000000.0,6934669395.617626,8306000000.0,1373000000.0,0.165302,6933000000.0,6933000000.0,11248000000.0,558000000.0,1737795021.0,1764000000.0,3.989538,3.91,74438000000.0,25224000000.0,9882000000.0,10170000000.0,6218000000.0,6173000000.0,9162000000.0,15489000000.0,2251000000.0,2251000000.0,343000000.0,,37533000000.0,22044000000.0,14522000000.0,15465000000.0,17716000000.0,0.0,219000000.0,36686000000.0,36686000000.0,35257000000.0,9735000000.0,1737795021.0,9581000000.0,-1777000000.0,7804000000.0,3267000000.0,-1519000000.0,,-3795000000.0,-3795000000.0,685000000.0,-3309000000.0,7000000.0,-753000000.0,2022-12-30,109.79000091552734,101.67866516113281
ABT,2021-12-31,2021,Abbott Laboratories,Healthcare,Medical Devices,NYQ,USD,102.03,176551018496,206154219520,1730383296,22129750,2.83,0.0143,0.00495,0.81821,29.537,6.06545,,,,,,,,,,,,,,,,,,,,,,,,,,,,,,,,,,,,,,,,,,,,,,,,,,,,,,,2021-12-31,140.74000549316406,128.1909942626953
ADBE,2025-11-30,2025,Adobe Inc.,Technology,Software - Application,NMS,USD,257.76,102459604992,106035003392,397500000,17369986,3.99,0.048899997,0.00223,0.87156,29.782,27.66395,23769000000.0,2551000000.0,21218000000.0,8997000000.0,8706000000.0,9815000000.0,7107860000.0,8734000000.0,1604000000.0,0.18,7130000000.0,7130000000.0,8061000000.0,263000000.0,426000000.0,427000000.0,16.73,16.7,29496000000.0,10163000000.0,5431000000.0,6595000000.0,2344000000.0,,2185000000.0,10200000000.0,,77000000.0,153000000.0,,17873000000.0,7673000000.0,6210000000.0,6571000000.0,6648000000.0,0.0,,11623000000.0,11623000000.0,45354000000.0,-37000000.0,413000000.0,10031000000.0,-179000000.0,9852000000.0,818000000.0,605000000.0,348000000.0,-11281000000.0,-10933000000.0,1942000000.0,,1997000000.0,-1500000000.0,2025-11-28,320.1300048828125,320.1300048828125
ADBE,2024-11-30,2024,Adobe Inc.,Technology,Software - Application,NMS,USD,257.76,102459604992,106035003392,397500000,17369986,3.99,0.048899997,0.00223,0.87156,29.782,27.66395,21505000000.0,2358000000.0,19147000000.0,7100000000.0,7741000000.0,7957000000.0,6345600000.0,6931000000.0,1371000000.0,0.2,5560000000.0,5560000000.0,7293000000.0,169000000.0,447000000.0,450000000.0,12.43,12.36,30230000000.0,11232000000.0,7613000000.0,7886000000.0,2072000000.0,,2217000000.0,10521000000.0,1499000000.0,1574000000.0,119000000.0,,16125000000.0,5604000000.0,4129000000.0,4482000000.0,6056000000.0,0.0,,14105000000.0,14105000000.0,38470000000.0,711000000.0,441000000.0,8056000000.0,-183000000.0,7873000000.0,857000000.0,144000000.0,361000000.0,-9500000000.0,-9139000000.0,1833000000.0,,1997000000.0,0.0,2024-11-29,515.9299926757812,515.9299926757812
ADBE,2023-11-30,2023,Adobe Inc.,Technology,Software - Application,NMS,USD,257.76,102459604992,106035003392,397500000,17369986,3.99,0.048899997,0.00223,0.87156,29.782,27.66395,19409000000.0,2354000000.0,17055000000.0,6912000000.0,6650000000.0,7784000000.0,5434400000.0,6799000000.0,1371000000.0,0.2,5428000000.0,5428000000.0,6764000000.0,113000000.0,457000000.0,459000000.0,11.87,11.82,29779000000.0,11084000000.0,7141000000.0,7842000000.0,2224000000.0,,2388000000.0,8251000000.0,,73000000.0,85000000.0,,13261000000.0,5010000000.0,3634000000.0,4007000000.0,4080000000.0,0.0,,16518000000.0,16518000000.0,33346000000.0,2833000000.0,455000000.0,7302000000.0,-360000000.0,6942000000.0,872000000.0,-355000000.0,314000000.0,-4400000000.0,-4086000000.0,1718000000.0,,0.0,-500000000.0,2023-11-30,611.010009765625,611.010009765625
ADBE,2022-11-30,2022,Adobe Inc.,Technology,Software - Application,NMS,USD,257.76,102459604992,106035003392,397500000,17369986,3.99,0.048899997,0.00223,0.87156,29.782,27.66395,17606000000.0,2165000000.0,15441000000.0,6120000000.0,6098000000.0,6976000000.0,4787600000.0,6008000000.0,1252000000.0,0.21,4756000000.0,4756000000.0,6187000000.0,112000000.0,470000000.0,471000000.0,10.13,10.1,27165000000.0,8996000000.0,4236000000.0,6096000000.0,2065000000.0,,2315000000.0,8128000000.0,500000000.0,587000000.0,75000000.0,,13114000000.0,4986000000.0,3629000000.0,4046000000.0,4633000000.0,0.0,,14051000000.0,14051000000.0,28319000000.0,868000000.0,462000000.0,7838000000.0,-442000000.0,7396000000.0,856000000.0,336000000.0,278000000.0,-6550000000.0,-6272000000.0,1440000000.0,,0.0,0.0,2022-11-30,344.92999267578125,344.92999267578125
ADBE,2021-11-30,2021,Adobe Inc.,Technology,Software - Application,NMS,USD,257.76,102459604992,106035003392,397500000,17369986,3.99,0.048899997,0.00223,0.87156,29.782,27.66395,,,,,,,,,,,,,,,,,,,,,,,,,,,,,,,,,,,,,,,,,,,,,,,,,,,,,,,2021-11-30,669.8499755859375,669.8499755859375
AEP,2025-12-31,2025,"American Electric Power Company, Inc.",Utilities,Utilities - Regulated Electric,NMS,USD,120.61,65659768832,120673689600,544397352,24341866,6.61,0.044699997,0.00034000003,0.94314003,58.929,6.85684,21876000000.0,8530000000.0,13346000000.0,5750000000.0,5385000000.0,9239000000.0,3643756000.0,3724000000.0,129000000.0,0.034,3580000000.0,3696000000.0,,2026000000.0,534535444.0,537467865.0,6.7,6.66,114460000000.0,6052000000.0,197000000.0,417000000.0,1166000000.0,1622000000.0,93035000000.0,13314000000.0,4702000000.0,4802000000.0,,,82242000000.0,68928000000.0,44128000000.0,44706000000.0,49508000000.0,,1080000000.0,31138000000.0,31138000000.0,15441000000.0,-7262000000.0,540861473.0,6944000000.0,-8583000000.0,-1639000000.0,3489000000.0,341000000.0,775000000.0,,775000000.0,,-2008000000.0,8581000000.0,-5036000000.0,2025-12-31,115.30999755859375,112.72234344482422
AEP,2024-12-31,2024,"American Electric Power Company, Inc.",Utilities,Utilities - Regulated Electric,NMS,USD,120.61,65659768832,120673689600,544397352,24341866,6.61,0.044699997,0.00034000003,0.94314003,58.929,6.85684,19721000000.0,7261000000.0,12460000000.0,4706000000.0,4447000000.0,8099000000.0,3079970000.0,2843000000.0,-39000000.0,0.21,2967000000.0,2976000000.0,,1863000000.0,530092672.0,531337703.0,5.6,5.58,103078000000.0,5789000000.0,203000000.0,418000000.0,1100000000.0,1715000000.0,82996000000.0,13009000000.0,5859000000.0,5951000000.0,,,76092000000.0,63083000000.0,39308000000.0,39812000000.0,45763000000.0,,42000000.0,26944000000.0,26944000000.0,13869000000.0,-7220000000.0,532907715.0,6804000000.0,-7771000000.0,-967000000.0,3393000000.0,510000000.0,552000000.0,,552000000.0,,-1898000000.0,5841000000.0,-3780000000.0,2024-12-31,92.2300033569336,87.12403106689453
AEP,2023-12-31,2023,"American Electric Power Company, Inc.",Utilities,Utilities - Regulated Electric,NMS,USD,120.61,65659768832,120673689600,544397352,24341866,6.61,0.044699997,0.00034000003,0.94314003,58.929,6.85684,18982000000.0,7854000000.0,11128000000.0,4016000000.0,3735000000.0,7203000000.0,2382704000.0,2209000000.0,55000000.0,0.024,2208000000.0,2213000000.0,,1807000000.0,518903682.0,520206258.0,4.26,4.24,96684000000.0,6082100000.0,330100000.0,544400000.0,1029900000.0,1879500000.0,77313600000.0,11583600000.0,5320700000.0,5436400000.0,,,71398100000.0,59814500000.0,37652700000.0,38172100000.0,43608500000.0,,39200000.0,25246700000.0,25246700000.0,12800400000.0,-5501500000.0,526184585.0,5012000000.0,-7506000000.0,-2494000000.0,3187000000.0,-705000000.0,1000000000.0,,1000000000.0,,-1752000000.0,6533000000.0,-4616000000.0,2023-12-29,81.22000122070312,73.72067260742188
AEP,2022-12-31,2022,"American Electric Power Company, Inc.",Utilities,Utilities - Regulated Electric,NMS,USD,120.61,65659768832,120673689600,544397352,24341866,6.61,0.044699997,0.00034000003,0.94314003,58.929,6.85684,19639500000.0,8347300000.0,11292200000.0,3816500000.0,3778500000.0,7102200000.0,2602340059.494298,2420400000.0,5400000.0,0.002231,2307200000.0,2305600000.0,,1396100000.0,511841946.0,513484609.0,4.51,4.49,93403300000.0,6775500000.0,509400000.0,697000000.0,1145100000.0,1350200000.0,73984600000.0,13266300000.0,6598600000.0,6712200000.0,,,69280900000.0,56014600000.0,34314600000.0,34867100000.0,41579300000.0,,229000000.0,23893400000.0,23893400000.0,12345600000.0,-6490800000.0,513866081.0,5288000000.0,-6772400000.0,-1484400000.0,3285700000.0,-237700000.0,826500000.0,,826500000.0,,-1645200000.0,7134000000.0,-3641000000.0,2022-12-30,94.94999694824219,82.81013488769531
AEP,2021-12-31,2021,"American Electric Power Company, Inc.",Utilities,Utilities - Regulated Electric,NMS,USD,120.61,65659768832,120673689600,544397352,24341866,6.61,0.044699997,0.00034000003,0.94314003,58.929,6.85684,,,,,,,,,,,,,,,,,,,,,,,,,,,,,,,,,,,,,,,,,,,,,,,,,,,,,,,2021-12-31,88.97000122070312,75.02252197265625
AMZN,2025-12-31,2025,"Amazon.com, Inc.",Consumer Cyclical,Internet Retail,NMS,USD,248.42,2679535828992,2863408873472,10786313572,92067423,2.16,0.0094,0.08866,0.68711996,51.156,10.40032,716924000000.0,356414000000.0,360510000000.0,99585000000.0,79975000000.0,165341000000.0,65354930994.440506,97311000000.0,,0.196144,77670000000.0,77670000000.0,58301000000.0,2274000000.0,10656000000.0,10827000000.0,7.29,7.17,818042000000.0,229083000000.0,86810000000.0,123029000000.0,67729000000.0,38325000000.0,443079000000.0,218005000000.0,,,,,406977000000.0,188972000000.0,65648000000.0,152987000000.0,152987000000.0,0.0,,411065000000.0,411065000000.0,250536000000.0,11078000000.0,10731000000.0,139514000000.0,-131819000000.0,7695000000.0,65756000000.0,-19969000000.0,,,,19467000000.0,,24993000000.0,-15332000000.0,2025-12-31,230.82000732421875,230.82000732421875
AMZN,2024-12-31,2024,"Amazon.com, Inc.",Consumer Cyclical,Internet Retail,NMS,USD,248.42,2679535828992,2863408873472,10786313572,92067423,2.16,0.0094,0.08866,0.68711996,51.156,10.40032,637959000000.0,326288000000.0,311671000000.0,71020000000.0,68593000000.0,123815000000.0,60836083539.802376,68614000000.0,,0.135031,59248000000.0,59248000000.0,55266000000.0,2406000000.0,10473000000.0,10721000000.0,5.66,5.53,624894000000.0,190867000000.0,78779000000.0,101202000000.0,55451000000.0,34214000000.0,328806000000.0,179431000000.0,,,,,338924000000.0,159493000000.0,52623000000.0,130900000000.0,130900000000.0,0.0,,285970000000.0,285970000000.0,172866000000.0,11436000000.0,10593000000.0,115877000000.0,-82999000000.0,32878000000.0,52795000000.0,-15541000000.0,,0.0,0.0,22011000000.0,,5142000000.0,-16954000000.0,2024-12-31,219.38999938964844,219.38999938964844
AMZN,2023-12-31,2023,"Amazon.com, Inc.",Consumer Cyclical,Internet Retail,NMS,USD,248.42,2679535828992,2863408873472,10786313572,92067423,2.16,0.0094,0.08866,0.68711996,51.156,10.40032,574785000000.0,304739000000.0,270046000000.0,40739000000.0,36852000000.0,89402000000.0,29574057432.702293,37557000000.0,,0.189579,30425000000.0,30425000000.0,56186000000.0,3182000000.0,10304000000.0,10492000000.0,2.95,2.9,527854000000.0,172351000000.0,73387000000.0,86780000000.0,52253000000.0,33318000000.0,276690000000.0,164917000000.0,,,,,325979000000.0,161062000000.0,58314000000.0,135611000000.0,135611000000.0,0.0,,201875000000.0,201875000000.0,113618000000.0,7434000000.0,10383000000.0,84946000000.0,-52729000000.0,32217000000.0,48663000000.0,-11541000000.0,,0.0,0.0,24023000000.0,,18129000000.0,-34008000000.0,2023-12-29,151.94000244140625,151.94000244140625
AMZN,2022-12-31,2022,"Amazon.com, Inc.",Consumer Cyclical,Internet Retail,NMS,USD,248.42,2679535828992,2863408873472,10786313572,92067423,2.16,0.0094,0.08866,0.68711996,51.156,10.40032,513983000000.0,288831000000.0,225152000000.0,-3569000000.0,12248000000.0,38352000000.0,10128140000.0,-5936000000.0,,0.21,-2722000000.0,-2722000000.0,54129000000.0,2367000000.0,10189000000.0,10189000000.0,-0.27,-0.27,462675000000.0,146791000000.0,53888000000.0,70026000000.0,42360000000.0,34405000000.0,252838000000.0,155393000000.0,,,,,316632000000.0,161239000000.0,67150000000.0,140118000000.0,140118000000.0,0.0,,146043000000.0,146043000000.0,83193000000.0,-8602000000.0,10242000000.0,46752000000.0,-63645000000.0,-16893000000.0,41921000000.0,-20886000000.0,,-6000000000.0,-6000000000.0,19621000000.0,,62719000000.0,-47001000000.0,2022-12-30,84.0,84.0
AMZN,2021-12-31,2021,"Amazon.com, Inc.",Consumer Cyclical,Internet Retail,NMS,USD,248.42,2679535828992,2863408873472,10786313572,92067423,2.16,0.0094,0.08866,0.68711996,51.156,10.40032,,,,,,,,,,,,,,,,,,,,,,,,,,,,,,,,,,,,,,,,,,,,,,,,,0.0,0.0,,,,,2021-12-31,166.7169952392578,166.7169952392578
BAC,2025-12-31,2025,Bank of America Corporation,Financial Services,Banks - Diversified,NYQ,USD,59.49,415998607360,361697738752,6992748365,1987,0.0,0.0,0.070300005,0.71266,39.342,5.29157,113097000000.0,,,,,,30509000000.0,37695000000.0,7186000000.0,0.191,30509000000.0,30509000000.0,52246000000.0,78470000000.0,7521900000.0,7680900000.0,3.86,3.81,3411738000000.0,,239319000000.0,,98186000000.0,,12516000000.0,,48088000000.0,48088000000.0,,,3108495000000.0,,317816000000.0,317816000000.0,365904000000.0,25992000000.0,,303243000000.0,277251000000.0,261693000000.0,,7212464345.0,12613000000.0,,12613000000.0,2314000000.0,-33081000000.0,5493000000.0,-24102000000.0,-21433000000.0,4001000000.0,-9563000000.0,99867000000.0,-76031000000.0,2025-12-31,55.0,54.1319465637207
BAC,2024-12-31,2024,Bank of America Corporation,Financial Services,Banks - Diversified,NYQ,USD,59.49,415998607360,361697738752,6992748365,1987,0.0,0.0,0.070300005,0.71266,39.342,5.29157,105856000000.0,,,,,,26973000000.0,33223000000.0,6250000000.0,0.188,26973000000.0,26973000000.0,49623000000.0,90547000000.0,7855500000.0,7935800000.0,3.25,3.21,3261299000000.0,,296486000000.0,,82247000000.0,,12168000000.0,,43391000000.0,43391000000.0,,,2967336000000.0,,283279000000.0,283279000000.0,326670000000.0,23159000000.0,,293963000000.0,270804000000.0,240753000000.0,,7610862311.0,-8805000000.0,,-8805000000.0,2189000000.0,-53315000000.0,0.0,-18358000000.0,-13104000000.0,3433000000.0,-9503000000.0,56683000000.0,-70411000000.0,2024-12-31,43.95000076293945,42.27717590332031
BAC,2023-12-31,2023,Bank of America Corporation,Financial Services,Banks - Diversified,NYQ,USD,59.49,415998607360,361697738752,6992748365,1987,0.0,0.0,0.070300005,0.71266,39.342,5.29157,102769000000.0,,,,,,26305000000.0,32530000000.0,6225000000.0,0.064,26305000000.0,26305000000.0,49815000000.0,73331000000.0,8028600000.0,8080500000.0,3.1,3.08,3180151000000.0,,341419000000.0,,81881000000.0,,11855000000.0,,32098000000.0,32098000000.0,,,2888505000000.0,,302204000000.0,302204000000.0,334302000000.0,28397000000.0,,291646000000.0,263249000000.0,224672000000.0,,7895457665.0,44982000000.0,,44982000000.0,2057000000.0,2580000000.0,0.0,-4576000000.0,-4576000000.0,2942000000.0,-9087000000.0,65396000000.0,-44571000000.0,2023-12-29,33.66999816894531,31.58470344543457
BAC,2022-12-31,2022,Bank of America Corporation,Financial Services,Banks - Diversified,NYQ,USD,59.49,415998607360,361697738752,6992748365,1987,0.0,0.0,0.070300005,0.71266,39.342,5.29157,94950000000.0,,,,,,27528000000.0,30969000000.0,3441000000.0,0.111,27528000000.0,27528000000.0,45946000000.0,20103000000.0,8113700000.0,8167500000.0,3.21,3.19,3051375000000.0,,237462000000.0,,67543000000.0,,11510000000.0,,26932000000.0,26932000000.0,,,2778178000000.0,,275982000000.0,275982000000.0,302914000000.0,28397000000.0,,273197000000.0,244800000000.0,207003000000.0,,7996777943.0,-6327000000.0,,-6327000000.0,1978000000.0,-51944000000.0,4426000000.0,-5727000000.0,-5073000000.0,2862000000.0,-8576000000.0,65910000000.0,-34055000000.0,2022-12-30,33.119998931884766,30.130611419677734
BAC,2021-12-31,2021,Bank of America Corporation,Financial Services,Banks - Diversified,NYQ,USD,59.49,415998607360,361697738752,6992748365,1987,0.0,0.0,0.070300005,0.71266,39.342,5.29157,,,,,,,,,,,,,,,,,,,,,,,,,,,,,,,,,,,,,,,,,,,,,,,,,,,,,,,2021-12-31,44.4900016784668,39.55339431762695
BLK,2025-12-31,2025,"BlackRock, Inc.",Financial Services,Asset Management,NYQ,USD,1058.03,171904696320,173080674304,154869259,1911216,3.33,0.0126,0.01916,0.84482,371.704,64.31025,24216000000.0,12906000000.0,11310000000.0,8233000000.0,7909000000.0,9359000000.0,5647366977.293608,7619000000.0,1677000000.0,0.220108,5553000000.0,5942000000.0,2626000000.0,614000000.0,155000000.0,160900000.0,35.83,35.31,169998000000.0,27424000000.0,11468000000.0,14257000000.0,5158000000.0,,3130000000.0,1740000000.0,,,,,108456000000.0,106716000000.0,12768000000.0,14996000000.0,14996000000.0,,5654000000.0,55888000000.0,55888000000.0,37899000000.0,25684000000.0,155069171.0,3927000000.0,-375000000.0,3552000000.0,1126000000.0,-189000000.0,,-1951000000.0,-1951000000.0,1307000000.0,-3347000000.0,1080000000.0,-908000000.0,2025-12-31,1070.3399658203125,1053.0457763671875
BLK,2024-12-31,2024,"BlackRock, Inc.",Financial Services,Asset Management,NYQ,USD,1058.03,171904696320,173080674304,154869259,1911216,3.33,0.0126,0.01916,0.84482,371.704,64.31025,20407000000.0,10321000000.0,10086000000.0,8833000000.0,7538000000.0,9362000000.0,5954492947.55877,8295000000.0,1783000000.0,0.214949,6369000000.0,6512000000.0,2257000000.0,538000000.0,150000000.0,151600000.0,42.45,42.01,138615000000.0,25114000000.0,12762000000.0,14513000000.0,4449000000.0,,2622000000.0,1536000000.0,,,,,89260000000.0,87724000000.0,12314000000.0,14222000000.0,14222000000.0,,1860000000.0,47495000000.0,47495000000.0,35611000000.0,23578000000.0,154947813.0,4956000000.0,-255000000.0,4701000000.0,529000000.0,176000000.0,,-1930000000.0,-1930000000.0,753000000.0,-3101000000.0,5474000000.0,-1058000000.0,2024-12-31,1025.1099853515625,988.2877807617188
BLK,2023-12-31,2023,"BlackRock, Inc.",Financial Services,Asset Management,NYQ,USD,1058.03,171904696320,173080674304,154869259,1911216,3.33,0.0126,0.01916,0.84482,371.704,64.31025,17859000000.0,9277000000.0,8582000000.0,7447000000.0,6339000000.0,7874000000.0,5001620000.0,7155000000.0,1479000000.0,0.212,5502000000.0,5676000000.0,2092000000.0,292000000.0,149300000.0,150700000.0,36.85,36.51,123211000000.0,19378000000.0,8736000000.0,10607000000.0,4121000000.0,,2533000000.0,1240000000.0,,,,,81971000000.0,80731000000.0,7918000000.0,9702000000.0,9702000000.0,,1893000000.0,39347000000.0,39347000000.0,32343000000.0,18138000000.0,148500074.0,4165000000.0,-344000000.0,3821000000.0,427000000.0,-346000000.0,,-1884000000.0,-1884000000.0,630000000.0,-3035000000.0,1238000000.0,-59000000.0,2023-12-29,811.7999877929688,764.3868408203125
BLK,2022-12-31,2022,"BlackRock, Inc.",Financial Services,Asset Management,NYQ,USD,1058.03,171904696320,173080674304,154869259,1911216,3.33,0.0126,0.01916,0.84482,371.704,64.31025,17873000000.0,9189000000.0,8684000000.0,6502000000.0,6476000000.0,6920000000.0,5278800000.0,6290000000.0,1296000000.0,0.2,5178000000.0,4994000000.0,2057000000.0,212000000.0,150921161.0,152440471.0,34.31,33.97,117628000000.0,18221000000.0,7416000000.0,8747000000.0,3618000000.0,,2547000000.0,1294000000.0,,,,,78843000000.0,77549000000.0,6654000000.0,8489000000.0,8489000000.0,,1041000000.0,37744000000.0,37744000000.0,29876000000.0,16927000000.0,149756492.0,4956000000.0,-533000000.0,4423000000.0,418000000.0,-897000000.0,,-2332000000.0,-2332000000.0,708000000.0,-2990000000.0,0.0,-776000000.0,2022-12-30,708.6300048828125,648.5436401367188
CAT,2025-12-31,2025,Caterpillar Inc.,Industrials,Farm & Heavy Construction Machinery,NYQ,USD,782.89,359874887680,399585116160,459674889,7554705,2.8,0.0183,0.0022,0.73485,42.193,32.37734,67589000000.0,46111000000.0,21478000000.0,12043000000.0,11151000000.0,14305000000.0,8672675678.017504,11541000000.0,2768000000.0,0.239841,8884000000.0,8882000000.0,6985000000.0,502000000.0,470000000.0,472300000.0,18.9,18.81,98585000000.0,52485000000.0,9980000000.0,9980000000.0,21569000000.0,18135000000.0,15140000000.0,36558000000.0,12634000000.0,12634000000.0,,,77267000000.0,40709000000.0,30690000000.0,30696000000.0,43330000000.0,,0.0,21318000000.0,21318000000.0,65448000000.0,15927000000.0,465287332.0,11739000000.0,-4286000000.0,7453000000.0,2262000000.0,-348000000.0,,-5206000000.0,-5206000000.0,,-2749000000.0,11105000000.0,-8081000000.0,2025-12-31,572.8699951171875,569.3905029296875
CAT,2024-12-31,2024,Caterpillar Inc.,Industrials,Farm & Heavy Construction Machinery,NYQ,USD,782.89,359874887680,399585116160,459674889,7554705,2.8,0.0183,0.0022,0.73485,42.193,32.37734,64809000000.0,41485000000.0,23324000000.0,13885000000.0,13072000000.0,16038000000.0,10316381365.437822,13373000000.0,2629000000.0,0.19659,10792000000.0,10788000000.0,6667000000.0,512000000.0,486700000.0,489400000.0,22.17,22.05,87764000000.0,45682000000.0,6889000000.0,6889000000.0,18847000000.0,16827000000.0,13361000000.0,32272000000.0,11058000000.0,11058000000.0,,,68270000000.0,35998000000.0,27454000000.0,27351000000.0,38409000000.0,,3000000.0,19491000000.0,19491000000.0,59352000000.0,13410000000.0,477932024.0,12035000000.0,-3215000000.0,8820000000.0,2153000000.0,-859000000.0,20000000.0,-7697000000.0,-7677000000.0,,-2646000000.0,10283000000.0,-9316000000.0,2024-12-31,362.760009765625,355.1928405761719
CAT,2023-12-31,2023,Caterpillar Inc.,Industrials,Farm & Heavy Construction Machinery,NYQ,USD,782.89,359874887680,399585116160,459674889,7554705,2.8,0.0183,0.0022,0.73485,42.193,32.37734,67060000000.0,43797000000.0,23263000000.0,13561000000.0,12966000000.0,15705000000.0,10013117000.0,13050000000.0,2781000000.0,0.213,10335000000.0,10332000000.0,6371000000.0,511000000.0,510600000.0,513600000.0,20.24,20.12,87476000000.0,46949000000.0,6978000000.0,6978000000.0,18820000000.0,16565000000.0,12680000000.0,34728000000.0,13406000000.0,13406000000.0,,,67973000000.0,33245000000.0,24533000000.0,24472000000.0,37878000000.0,,9000000.0,19494000000.0,19494000000.0,51250000000.0,12221000000.0,499377269.0,12885000000.0,-3092000000.0,9793000000.0,2144000000.0,151000000.0,12000000.0,-4975000000.0,-4963000000.0,,-2563000000.0,8257000000.0,-6318000000.0,2023-12-29,295.6700134277344,284.932373046875
CAT,2022-12-31,2022,Caterpillar Inc.,Industrials,Farm & Heavy Construction Machinery,NYQ,USD,782.89,359874887680,399585116160,459674889,7554705,2.8,0.0183,0.0022,0.73485,42.193,32.37734,59427000000.0,41915000000.0,17512000000.0,9195000000.0,8829000000.0,11414000000.0,7247440000.0,8752000000.0,2067000000.0,0.236,6705000000.0,6704000000.0,5651000000.0,443000000.0,526900000.0,530400000.0,12.72,12.64,81943000000.0,43785000000.0,7004000000.0,7004000000.0,17869000000.0,16270000000.0,12028000000.0,31531000000.0,11279000000.0,11279000000.0,,,66052000000.0,34521000000.0,25826000000.0,25714000000.0,36993000000.0,,22000000.0,15869000000.0,15869000000.0,43514000000.0,12254000000.0,516345490.0,7766000000.0,-2599000000.0,5167000000.0,2219000000.0,-1800000000.0,51000000.0,-4230000000.0,-4179000000.0,,-2440000000.0,6674000000.0,-7728000000.0,2022-12-30,239.55999755859375,226.22877502441406
CAT,2021-12-31,2021,Caterpillar Inc.,Industrials,Farm & Heavy Construction Machinery,NYQ,USD,782.89,359874887680,399585116160,459674889,7554705,2.8,0.0183,0.0022,0.73485,42.193,32.37734,,,,,,,,,,,,,,,,,,,,,,,,,,,,,,,,,,,,,,,,,,,,,,,,135000000.0,,,,,,,2021-12-31,206.74000549316406,190.7512664794922
COP,2025-12-31,2025,ConocoPhillips,Energy,Oil & Gas E&P,NYQ,USD,141.23,169664888832,179784794112,1201337479,16764745,2.42,0.0139999995,0.00096000003,0.86934,54.397,9.696,58944000000.0,44156000000.0,14788000000.0,13889000000.0,11342000000.0,25570000000.0,7550086000.0,12656000000.0,4668000000.0,0.369,7988000000.0,7988000000.0,893000000.0,1233000000.0,1252042000.0,1253446000.0,6.36,6.35,121939000000.0,15532000000.0,6497000000.0,6981000000.0,5813000000.0,1873000000.0,93239000000.0,11972000000.0,714000000.0,1020000000.0,,,57452000000.0,45480000000.0,21929000000.0,22424000000.0,23444000000.0,,,64487000000.0,64487000000.0,68864000000.0,3560000000.0,1225168096.0,19796000000.0,-12553000000.0,7243000000.0,11500000000.0,-76000000.0,,-5118000000.0,-5118000000.0,,-3995000000.0,0.0,-913000000.0,2025-12-31,93.61000061035156,91.59102630615234
COP,2024-12-31,2024,ConocoPhillips,Energy,Oil & Gas E&P,NYQ,USD,141.23,169664888832,179784794112,1201337479,16764745,2.42,0.0139999995,0.00096000003,0.86934,54.397,9.696,54745000000.0,38362000000.0,16383000000.0,14780000000.0,12783000000.0,24425000000.0,9230804000.0,13672000000.0,4427000000.0,0.324,9245000000.0,9245000000.0,1158000000.0,1108000000.0,1178920000.0,1180871000.0,7.82,7.81,122780000000.0,15647000000.0,5607000000.0,6114000000.0,6695000000.0,1809000000.0,94356000000.0,12124000000.0,743000000.0,1035000000.0,,,57984000000.0,45860000000.0,22641000000.0,23289000000.0,24324000000.0,,,64796000000.0,64796000000.0,64869000000.0,3523000000.0,1275866724.0,20124000000.0,-12118000000.0,8006000000.0,9599000000.0,-181000000.0,,-5541000000.0,-5541000000.0,,-3646000000.0,5591000000.0,-4981000000.0,2024-12-31,99.16999816894531,93.7867202758789
COP,2023-12-31,2023,ConocoPhillips,Energy,Oil & Gas E&P,NYQ,USD,141.23,169664888832,179784794112,1201337479,16764745,2.42,0.0139999995,0.00096000003,0.86934,54.397,9.696,56141000000.0,37938000000.0,18203000000.0,17351000000.0,15026000000.0,25783000000.0,10874894000.0,16288000000.0,5331000000.0,0.327,10957000000.0,10957000000.0,705000000.0,1063000000.0,1202757000.0,1205675000.0,9.08,9.06,95924000000.0,14330000000.0,5635000000.0,6606000000.0,5474000000.0,1398000000.0,70044000000.0,10005000000.0,783000000.0,1074000000.0,,,46645000000.0,36640000000.0,17025000000.0,17863000000.0,18937000000.0,,,49279000000.0,49279000000.0,59268000000.0,4325000000.0,1178101555.0,19965000000.0,-11248000000.0,8717000000.0,8270000000.0,-1382000000.0,,-5452000000.0,-5452000000.0,,-5583000000.0,3787000000.0,-1379000000.0,2023-12-29,116.06999969482422,106.77887725830078
COP,2022-12-31,2022,ConocoPhillips,Energy,Oil & Gas E&P,NYQ,USD,141.23,169664888832,179784794112,1201337479,16764745,2.42,0.0139999995,0.00096000003,0.86934,54.397,9.696,78494000000.0,48481000000.0,30013000000.0,29283000000.0,25462000000.0,37127000000.0,17726720000.0,28228000000.0,9548000000.0,0.338,18680000000.0,18680000000.0,623000000.0,1055000000.0,1274028000.0,1278163000.0,14.62,14.57,93829000000.0,18749000000.0,6458000000.0,9243000000.0,7088000000.0,1219000000.0,64866000000.0,12847000000.0,133000000.0,417000000.0,,,45826000000.0,32979000000.0,15190000000.0,16226000000.0,16643000000.0,,,48003000000.0,48003000000.0,53029000000.0,5902000000.0,1223856072.0,28314000000.0,-10159000000.0,18155000000.0,7504000000.0,-234000000.0,362000000.0,-9270000000.0,-8908000000.0,,-5726000000.0,2897000000.0,-6267000000.0,2022-12-30,118.0,104.70247650146484
COP,2021-12-31,2021,ConocoPhillips,Energy,Oil & Gas E&P,NYQ,USD,141.23,169664888832,179784794112,1201337479,16764745,2.42,0.0139999995,0.00096000003,0.86934,54.397,9.696,,,,,,,,,,,,,,,,,,,,,,,,,,,,,,,,,,,,,,,,,,,,,,,,145000000.0,,,,,,,2021-12-31,72.18000030517578,60.982826232910156
COST,2025-08-31,2025,Costco Wholesale Corporation,Consumer Defensive,Discount Stores,NMS,USD,901.35,399729623040,405881782272,443478804,7577940,4.27,0.0171,0.00162,0.7443,37.278,22.62819,275235000000.0,239886000000.0,35349000000.0,10972000000.0,10383000000.0,13398000000.0,8036084000.0,10818000000.0,2719000000.0,0.251,8099000000.0,8099000000.0,24966000000.0,154000000.0,443985000.0,444803000.0,18.24,18.21,77099000000.0,38380000000.0,14161000000.0,15284000000.0,3203000000.0,18116000000.0,34634000000.0,37108000000.0,,,,,47935000000.0,10827000000.0,5713000000.0,8173000000.0,8173000000.0,0.0,0.0,29164000000.0,29164000000.0,22650000000.0,1272000000.0,443237000.0,13335000000.0,-5498000000.0,7837000000.0,2426000000.0,1764000000.0,,-903000000.0,-903000000.0,860000000.0,-2183000000.0,816000000.0,-1112000000.0,2025-08-29,943.3200073242188,937.8480224609375
COST,2024-08-31,2024,Costco Wholesale Corporation,Consumer Defensive,Discount Stores,NMS,USD,901.35,399729623040,405881782272,443478804,7577940,4.27,0.0171,0.00162,0.7443,37.278,22.62819,254453000000.0,222358000000.0,32095000000.0,9909000000.0,9285000000.0,12146000000.0,7347344000.0,9740000000.0,2373000000.0,0.244,7367000000.0,7367000000.0,22810000000.0,169000000.0,443914000.0,444759000.0,16.59,16.56,69831000000.0,34246000000.0,9906000000.0,11144000000.0,2721000000.0,18647000000.0,31649000000.0,35464000000.0,103000000.0,103000000.0,,,46209000000.0,10745000000.0,5794000000.0,8169000000.0,8169000000.0,0.0,0.0,23622000000.0,23622000000.0,17619000000.0,-1218000000.0,443126000.0,11339000000.0,-4710000000.0,6629000000.0,2237000000.0,611000000.0,,-700000000.0,-700000000.0,818000000.0,-9041000000.0,1426000000.0,-2134000000.0,2024-08-30,892.3800048828125,882.6737670898438
COST,2023-08-31,2023,Costco Wholesale Corporation,Consumer Defensive,Discount Stores,NMS,USD,901.35,399729623040,405881782272,443478804,7577940,4.27,0.0171,0.00162,0.7443,37.278,22.62819,242290000000.0,212586000000.0,29704000000.0,8647000000.0,8114000000.0,10724000000.0,6270511000.0,8487000000.0,2195000000.0,0.259,6292000000.0,6292000000.0,21590000000.0,160000000.0,443854000.0,444452000.0,14.18,14.16,68994000000.0,35879000000.0,13700000000.0,15234000000.0,2285000000.0,16651000000.0,29397000000.0,33583000000.0,1081000000.0,1081000000.0,,,43936000000.0,10353000000.0,5377000000.0,7803000000.0,8884000000.0,0.0,0.0,25058000000.0,25058000000.0,19521000000.0,2296000000.0,442793000.0,11068000000.0,-4323000000.0,6745000000.0,2077000000.0,1018000000.0,,-676000000.0,-676000000.0,774000000.0,-1251000000.0,917000000.0,-1301000000.0,2023-08-31,549.280029296875,527.8740844726562
COST,2022-08-31,2022,Costco Wholesale Corporation,Consumer Defensive,Discount Stores,NMS,USD,901.35,399729623040,405881782272,443478804,7577940,4.27,0.0171,0.00162,0.7443,37.278,22.62819,226954000000.0,199382000000.0,27572000000.0,7998000000.0,7793000000.0,9898000000.0,5764076000.0,7840000000.0,1925000000.0,0.246,5844000000.0,5915000000.0,19779000000.0,158000000.0,443651000.0,444757000.0,13.17,13.14,64166000000.0,32696000000.0,10203000000.0,11049000000.0,2241000000.0,17907000000.0,27420000000.0,31998000000.0,73000000.0,73000000.0,,,43519000000.0,11521000000.0,6484000000.0,8966000000.0,9039000000.0,0.0,5000000.0,20642000000.0,20642000000.0,15585000000.0,698000000.0,442664000.0,7392000000.0,-3891000000.0,3501000000.0,1900000000.0,-1563000000.0,,-439000000.0,-439000000.0,724000000.0,-1498000000.0,53000000.0,-986000000.0,2022-08-31,522.0999755859375,497.9970397949219
CRM,2026-01-31,2026,"Salesforce, Inc.",Technology,Software - Application,NYQ,USD,255.83,210548097024,244483883008,823000000,29211825,1.9,0.040999997,0.029779999,0.87476,46.632,16.02113,41525000000.0,9270000000.0,32255000000.0,8917000000.0,8917000000.0,12548000000.0,7118665000.0,9520000000.0,2063000000.0,0.215,7457000000.0,7457000000.0,16350000000.0,,950000000.0,956000000.0,7.85,7.8,112305000000.0,28222000000.0,7327000000.0,9565000000.0,14339000000.0,,5123000000.0,37118000000.0,4000000000.0,4548000000.0,,,53163000000.0,16045000000.0,10439000000.0,12628000000.0,17176000000.0,0.0,,59142000000.0,59142000000.0,22221000000.0,-8896000000.0,929000000.0,14996000000.0,-594000000.0,14402000000.0,3631000000.0,-781000000.0,,-12596000000.0,-12596000000.0,3509000000.0,-1587000000.0,6000000000.0,-584000000.0,2026-01-30,212.2899932861328,211.21524047851562
CRM,2025-01-31,2025,"Salesforce, Inc.",Technology,Software - Application,NYQ,USD,255.83,210548097024,244483883008,823000000,29211825,1.9,0.040999997,0.029779999,0.87476,46.632,16.02113,37895000000.0,8643000000.0,29252000000.0,7666000000.0,7666000000.0,11143000000.0,6681806000.0,7438000000.0,1241000000.0,0.167,6197000000.0,6197000000.0,15192000000.0,,962000000.0,974000000.0,6.44,6.36,102928000000.0,29727000000.0,8848000000.0,14032000000.0,11945000000.0,,5393000000.0,27980000000.0,,579000000.0,,,41755000000.0,13775000000.0,8433000000.0,10813000000.0,11392000000.0,0.0,,61173000000.0,61173000000.0,16369000000.0,1747000000.0,962000000.0,13092000000.0,-658000000.0,12434000000.0,3477000000.0,-1981000000.0,,-7829000000.0,-7829000000.0,3183000000.0,-1537000000.0,0.0,-1603000000.0,2025-01-31,341.70001220703125,337.76507568359375
CRM,2024-01-31,2024,"Salesforce, Inc.",Technology,Software - Application,NYQ,USD,255.83,210548097024,244483883008,823000000,29211825,1.9,0.040999997,0.029779999,0.87476,46.632,16.02113,34857000000.0,8541000000.0,26316000000.0,5999000000.0,5999000000.0,9958000000.0,5193540000.0,4950000000.0,814000000.0,0.164,4136000000.0,4136000000.0,14520000000.0,,974000000.0,984000000.0,4.25,4.2,99823000000.0,29074000000.0,8472000000.0,14194000000.0,11414000000.0,,6055000000.0,26631000000.0,999000000.0,1517000000.0,,,40177000000.0,13546000000.0,8427000000.0,11071000000.0,12588000000.0,0.0,,59646000000.0,59646000000.0,11721000000.0,2443000000.0,971000000.0,10234000000.0,-736000000.0,9498000000.0,3959000000.0,-2850000000.0,,-7620000000.0,-7620000000.0,2787000000.0,0.0,0.0,-1811000000.0,2024-01-31,281.0899963378906,276.3096923828125
CRM,2023-01-31,2023,"Salesforce, Inc.",Technology,Software - Application,NYQ,USD,255.83,210548097024,244483883008,823000000,29211825,1.9,0.040999997,0.029779999,0.87476,46.632,16.02113,31352000000.0,8360000000.0,22992000000.0,1858000000.0,1858000000.0,5644000000.0,1050930000.0,660000000.0,452000000.0,0.21,208000000.0,208000000.0,16079000000.0,,992000000.0,997000000.0,0.21,0.21,98849000000.0,26395000000.0,7016000000.0,12508000000.0,10755000000.0,,6592000000.0,25891000000.0,1182000000.0,1772000000.0,,,40490000000.0,14599000000.0,9419000000.0,12316000000.0,14088000000.0,0.0,,58359000000.0,58359000000.0,7585000000.0,504000000.0,981000000.0,7111000000.0,-798000000.0,6313000000.0,3786000000.0,-2069000000.0,,-4000000000.0,-4000000000.0,3279000000.0,0.0,0.0,-423000000.0,2023-01-31,167.97000122070312,165.11346435546875
CRM,2022-01-31,2022,"Salesforce, Inc.",Technology,Software - Application,NYQ,USD,255.83,210548097024,244483883008,823000000,29211825,1.9,0.040999997,0.029779999,0.87476,46.632,16.02113,,,,,,,,,,,,,,,,,,,,,,,,,,,4000000.0,,,,,,,,,,,,,,,,,,,,,,,,,,,,2022-01-31,232.6300048828125,228.67384338378906
CSCO,2026-07-31,2026,"Cisco Systems, Inc.",Technology,Communication Equipment,NMS,USD,110.07,433960550400,449188102144,3942586873,55543993,2.71,0.014099999,0.0005,0.83376,12.743,5.60226,63325000000.0,22465000000.0,40860000000.0,17479000000.0,16061000000.0,20019000000.0,12686895059.029297,16009000000.0,2742000000.0,0.171279,13267000000.0,13267000000.0,14320000000.0,1470000000.0,,,,,129637000000.0,38665000000.0,7218000000.0,15918000000.0,7470000000.0,5694000000.0,2760000000.0,41525000000.0,10161000000.0,10161000000.0,190000000.0,,79352000000.0,37827000000.0,19372000000.0,19372000000.0,29533000000.0,0.0,,50285000000.0,50285000000.0,1565000000.0,-2860000000.0,3946000000.0,14177000000.0,-1410000000.0,12767000000.0,2540000000.0,-4351000000.0,805000000.0,-7979000000.0,-7174000000.0,3830000000.0,-6553000000.0,13048000000.0,-12251000000.0,2026-07-31,115.98999786376953,115.98999786376953
CSCO,2025-07-31,2025,"Cisco Systems, Inc.",Technology,Communication Equipment,NMS,USD,110.07,433960550400,449188102144,3942586873,55543993,2.71,0.014099999,0.0005,0.83376,12.743,5.60226,56654000000.0,19864000000.0,36790000000.0,12693000000.0,12504000000.0,15504000000.0,10787131531.531532,11100000000.0,920000000.0,0.082883,10180000000.0,10180000000.0,13958000000.0,1593000000.0,3976000000.0,3998000000.0,2.56,2.55,122291000000.0,34986000000.0,8346000000.0,16110000000.0,6701000000.0,3164000000.0,2113000000.0,35064000000.0,5232000000.0,5232000000.0,1857000000.0,,75448000000.0,40384000000.0,22861000000.0,22861000000.0,28093000000.0,0.0,,46843000000.0,46843000000.0,50000000.0,-78000000.0,3959998180.0,14193000000.0,-905000000.0,13288000000.0,2811000000.0,-1292000000.0,736000000.0,-7222000000.0,-6486000000.0,3641000000.0,-6437000000.0,19292000000.0,-22073000000.0,2025-07-31,68.08000183105469,66.69890594482422
CSCO,2024-07-31,2024,"Cisco Systems, Inc.",Technology,Communication Equipment,NMS,USD,110.07,433960550400,449188102144,3942586873,55543993,2.71,0.014099999,0.0005,0.83376,12.743,5.60226,53803000000.0,18975000000.0,34828000000.0,13240000000.0,12970000000.0,15747000000.0,11126020000.0,12234000000.0,1914000000.0,0.156,10320000000.0,10320000000.0,13177000000.0,1006000000.0,4043000000.0,4062000000.0,2.55,2.54,124413000000.0,36862000000.0,7508000000.0,17854000000.0,6685000000.0,3373000000.0,2090000000.0,40584000000.0,11341000000.0,11341000000.0,1439000000.0,,78956000000.0,38372000000.0,19632000000.0,19632000000.0,30973000000.0,0.0,,45457000000.0,45457000000.0,1087000000.0,-3722000000.0,4007000000.0,10880000000.0,-670000000.0,10210000000.0,2507000000.0,-4298000000.0,714000000.0,-6779000000.0,-6065000000.0,3074000000.0,-6384000000.0,31818000000.0,-12966000000.0,2024-07-31,48.45000076293945,46.200157165527344
CSCO,2023-07-31,2023,"Cisco Systems, Inc.",Technology,Communication Equipment,NMS,USD,110.07,433960550400,449188102144,3942586873,55543993,2.71,0.014099999,0.0005,0.83376,12.743,5.60226,56998000000.0,21245000000.0,35753000000.0,15745000000.0,15562000000.0,17471000000.0,13195684000.0,15318000000.0,2705000000.0,0.177,12613000000.0,12613000000.0,12358000000.0,427000000.0,4093000000.0,4105000000.0,3.08,3.07,101852000000.0,43348000000.0,10123000000.0,26146000000.0,5854000000.0,3644000000.0,2085000000.0,31309000000.0,1733000000.0,1733000000.0,4235000000.0,,57499000000.0,26190000000.0,6658000000.0,6658000000.0,8391000000.0,0.0,,44353000000.0,44353000000.0,1639000000.0,12039000000.0,4066000000.0,19886000000.0,-849000000.0,19037000000.0,1726000000.0,5042000000.0,700000000.0,-4890000000.0,-4190000000.0,2353000000.0,-6302000000.0,0.0,-500000000.0,2023-07-31,52.040000915527344,48.079139709472656
CSCO,2022-07-31,2022,"Cisco Systems, Inc.",Technology,Communication Equipment,NMS,USD,110.07,433960550400,449188102144,3942586873,55543993,2.71,0.014099999,0.0005,0.83376,12.743,5.60226,,,,,,,,,,,,,,,4170000000.0,4192000000.0,2.83,2.82,,,,,,,,,,,,,,,,,,,,,,,,,,,,,,,,,,,,,2022-07-29,45.369998931884766,40.58688735961914
CVX,2025-12-31,2025,Chevron Corporation,Energy,Oil & Gas Integrated,NYQ,USD,217.73,427099881472,450413363200,1961603274,20585159,2.53,0.0105,0.04768,0.71181,96.8,13.47184,184432000000.0,128346000000.0,56086000000.0,20960000000.0,16674000000.0,41417000000.0,12299000000.0,19743000000.0,7258000000.0,0.368,12299000000.0,12485000000.0,5126000000.0,1217000000.0,1849217000.0,1855637000.0,6.65,6.63,324012000000.0,38552000000.0,6293000000.0,6297000000.0,18075000000.0,9711000000.0,219729000000.0,33387000000.0,191000000.0,977000000.0,844000000.0,,131836000000.0,98449000000.0,39122000000.0,39781000000.0,40758000000.0,0.0,5726000000.0,186450000000.0,186450000000.0,205365000000.0,5165000000.0,1980248122.0,33939000000.0,-17347000000.0,16592000000.0,20132000000.0,-1648000000.0,,-12079000000.0,-12079000000.0,,-12751000000.0,20218000000.0,-14352000000.0,2025-12-31,152.41000366210938,148.26966857910156
CVX,2024-12-31,2024,Chevron Corporation,Energy,Oil & Gas Integrated,NYQ,USD,217.73,427099881472,450413363200,1961603274,20585159,2.53,0.0105,0.04768,0.71181,96.8,13.47184,193414000000.0,136488000000.0,56926000000.0,28100000000.0,18917000000.0,45811000000.0,17661000000.0,27506000000.0,9757000000.0,0.355,17661000000.0,17749000000.0,4834000000.0,594000000.0,1809583000.0,1816602000.0,9.76,9.72,256938000000.0,40911000000.0,6781000000.0,6785000000.0,20684000000.0,9074000000.0,147799000000.0,38558000000.0,4348000000.0,4406000000.0,1872000000.0,,103781000000.0,65223000000.0,19589000000.0,20135000000.0,24541000000.0,0.0,839000000.0,152318000000.0,152318000000.0,205852000000.0,2353000000.0,1769012274.0,31492000000.0,-16448000000.0,15044000000.0,17282000000.0,100000000.0,,-15229000000.0,-15229000000.0,,-11801000000.0,6186000000.0,-2618000000.0,2024-12-31,144.83999633789062,134.66275024414062
CVX,2023-12-31,2023,Chevron Corporation,Energy,Oil & Gas Integrated,NYQ,USD,217.73,427099881472,450413363200,1961603274,20585159,2.53,0.0105,0.04768,0.71181,96.8,13.47184,196913000000.0,136522000000.0,60391000000.0,30053000000.0,26229000000.0,47815000000.0,21369000000.0,29584000000.0,8173000000.0,0.276,21369000000.0,21411000000.0,4141000000.0,469000000.0,1872737000.0,1880307000.0,11.41,11.36,261632000000.0,41128000000.0,8178000000.0,8223000000.0,19921000000.0,8612000000.0,153619000000.0,32258000000.0,469000000.0,529000000.0,1863000000.0,,99703000000.0,67445000000.0,19733000000.0,20307000000.0,20836000000.0,0.0,972000000.0,160957000000.0,160957000000.0,200025000000.0,8870000000.0,1851479804.0,35609000000.0,-15829000000.0,19780000000.0,17326000000.0,-3335000000.0,,-14939000000.0,-14939000000.0,,-11336000000.0,285000000.0,-4340000000.0,2023-12-29,149.16000366210938,132.95150756835938
CVX,2022-12-31,2022,Chevron Corporation,Energy,Oil & Gas Integrated,NYQ,USD,217.73,427099881472,450413363200,1961603274,20585159,2.53,0.0105,0.04768,0.71181,96.8,13.47184,235717000000.0,161735000000.0,73982000000.0,50190000000.0,39950000000.0,65485000000.0,35465000000.0,49674000000.0,14066000000.0,0.283,35465000000.0,35608000000.0,4312000000.0,516000000.0,1931486000.0,1940277000.0,18.36,18.28,257709000000.0,50343000000.0,17678000000.0,17901000000.0,20456000000.0,8247000000.0,143591000000.0,34208000000.0,1919000000.0,1964000000.0,4381000000.0,,97467000000.0,63259000000.0,20972000000.0,21375000000.0,23339000000.0,0.0,960000000.0,159282000000.0,159282000000.0,190024000000.0,16135000000.0,1901048343.0,49602000000.0,-11974000000.0,37628000000.0,14809000000.0,2066000000.0,,-11255000000.0,-11255000000.0,,-10968000000.0,263000000.0,-8742000000.0,2022-12-30,179.49000549316406,153.93734741210938
CVX,2021-12-31,2021,Chevron Corporation,Energy,Oil & Gas Integrated,NYQ,USD,217.73,427099881472,450413363200,1961603274,20585159,2.53,0.0105,0.04768,0.71181,96.8,13.47184,,,,,,,,,,,,,,,,,,,,,,,,,,,,,,,,,,,,,,,,,,,,,,,,,,,,,,,2021-12-31,117.3499984741211,97.1444320678711
DE,2025-10-31,2025,Deere & Company,Industrials,Farm & Heavy Construction Machinery,NYQ,USD,683.9,184396824576,223384928256,269625412,5251648,4.49,0.0195,0.00169,0.84454,103.811,22.70759,44665000000.0,28370000000.0,16295000000.0,9427000000.0,8416000000.0,11656000000.0,4981469234.457408,6257000000.0,1259000000.0,0.201215,5027000000.0,4998000000.0,4241000000.0,3170000000.0,270900000.0,271700000.0,18.55,18.5,105996000000.0,74902000000.0,8276000000.0,9687000000.0,5386000000.0,7508000000.0,15996000000.0,32455000000.0,20353000000.0,20706000000.0,,,79989000000.0,47534000000.0,43544000000.0,43544000000.0,64250000000.0,,57000000.0,25950000000.0,25950000000.0,59676000000.0,42447000000.0,270352040.0,7459000000.0,-4228000000.0,3231000000.0,2229000000.0,-443000000.0,,-1138000000.0,-1138000000.0,151000000.0,-1720000000.0,13161000000.0,-12264000000.0,2025-10-31,461.6300048828125,457.5111999511719
DE,2024-10-31,2024,Deere & Company,Industrials,Farm & Heavy Construction Machinery,NYQ,USD,683.9,184396824576,223384928256,269625412,5251648,4.49,0.0195,0.00169,0.84454,103.811,22.70759,50518000000.0,31023000000.0,19495000000.0,12554000000.0,11427000000.0,14672000000.0,7042059526.395829,9206000000.0,2094000000.0,0.22746,7100000000.0,7088000000.0,4507000000.0,3348000000.0,276000000.0,277100000.0,25.73,25.62,107320000000.0,77667000000.0,7324000000.0,8478000000.0,5392000000.0,7199000000.0,15305000000.0,35960000000.0,21931000000.0,22234000000.0,,,84395000000.0,48435000000.0,43229000000.0,43229000000.0,65463000000.0,,89000000.0,22836000000.0,22836000000.0,56402000000.0,41707000000.0,271752292.0,9231000000.0,-4802000000.0,4429000000.0,2118000000.0,-181000000.0,,-4007000000.0,-4007000000.0,208000000.0,-1605000000.0,18096000000.0,-13232000000.0,2024-10-31,404.69000244140625,395.520263671875
DE,2023-10-31,2023,Deere & Company,Industrials,Farm & Heavy Construction Machinery,NYQ,USD,683.9,184396824576,223384928256,269625412,5251648,4.49,0.0195,0.00169,0.84454,103.811,22.70759,60248000000.0,37942000000.0,22306000000.0,15472000000.0,14591000000.0,17476000000.0,10212768569.014517,13019000000.0,2871000000.0,0.220524,10166000000.0,10155000000.0,4309000000.0,2453000000.0,292200000.0,293600000.0,34.8,34.63,104087000000.0,76369000000.0,7458000000.0,8404000000.0,7739000000.0,8219000000.0,14206000000.0,37782000000.0,24909000000.0,25215000000.0,1558000000.0,,82201000000.0,44419000000.0,38477000000.0,38477000000.0,63692000000.0,,101000000.0,21785000000.0,21785000000.0,50931000000.0,38587000000.0,281584277.0,8589000000.0,-4468000000.0,4121000000.0,2004000000.0,-3337000000.0,,-7216000000.0,-7216000000.0,130000000.0,-1427000000.0,15429000000.0,-7913000000.0,2023-10-31,365.3599853515625,351.8375549316406
DE,2022-10-31,2022,Deere & Company,Industrials,Farm & Heavy Construction Machinery,NYQ,USD,683.9,184396824576,223384928256,269625412,5251648,4.49,0.0195,0.00169,0.84454,103.811,22.70759,51282000000.0,35552000000.0,15730000000.0,10189000000.0,9026000000.0,12084000000.0,6912571162.484935,9127000000.0,2007000000.0,0.219897,7131000000.0,7130000000.0,3645000000.0,1062000000.0,304500000.0,306300000.0,23.42,23.28,90030000000.0,64088000000.0,4774000000.0,5508000000.0,6410000000.0,8539000000.0,13097000000.0,30477000000.0,18282000000.0,18605000000.0,1255000000.0,,69673000000.0,39196000000.0,33596000000.0,33596000000.0,52201000000.0,,95000000.0,20262000000.0,20262000000.0,42247000000.0,33611000000.0,298771915.0,4699000000.0,-3788000000.0,911000000.0,1895000000.0,-4315000000.0,63000000.0,-3597000000.0,-3597000000.0,85000000.0,-1313000000.0,10358000000.0,-8445000000.0,2022-10-31,395.82000732421875,376.42578125
DE,2021-10-31,2021,Deere & Company,Industrials,Farm & Heavy Construction Machinery,NYQ,USD,683.9,184396824576,223384928256,269625412,5251648,4.49,0.0195,0.00169,0.84454,103.811,22.70759,,,,,,,,,,,,,,,,,,,,,,,,,,,,,1075000000.0,,,,,,,,,,,,,,,,,,,148000000.0,,,,,,,2021-10-29,342.30999755859375,321.4866638183594
DUK,2025-12-31,2025,Duke Energy Corporation,Utilities,Utilities - Regulated Electric,NYQ,USD,117.74,91802132480,187418148864,779702193,17135318,3.75,0.024400001,0.00131,0.71142,68.946,7.17232,32237000000.0,15739000000.0,16498000000.0,9346000000.0,8577000000.0,17050000000.0,4632372899.159664,5712000000.0,642000000.0,0.112395,4968000000.0,5070000000.0,,3634000000.0,777000000.0,777000000.0,6.31,6.31,195736000000.0,11613000000.0,245000000.0,245000000.0,4230000000.0,4569000000.0,131200000000.0,21047000000.0,9728000000.0,9728000000.0,,,142717000000.0,121670000000.0,80108000000.0,81141000000.0,90869000000.0,973000000.0,1177000000.0,51842000000.0,50869000000.0,5056000000.0,-9434000000.0,777661224.0,12330000000.0,-14024000000.0,-1694000000.0,7704000000.0,-616000000.0,16000000.0,0.0,16000000.0,,-3300000000.0,12015000000.0,-6895000000.0,2025-12-31,117.20999908447266,114.22021484375
DUK,2024-12-31,2024,Duke Energy Corporation,Utilities,Utilities - Regulated Electric,NYQ,USD,117.74,91802132480,187418148864,779702193,17135318,3.75,0.024400001,0.00131,0.71142,68.946,7.17232,30357000000.0,15160000000.0,15197000000.0,8578000000.0,7938000000.0,14997000000.0,4318103966.114748,5194000000.0,590000000.0,0.113593,4524000000.0,4604000000.0,,3384000000.0,772000000.0,772000000.0,5.71,5.71,186343000000.0,12950000000.0,314000000.0,314000000.0,4610000000.0,4496000000.0,122774000000.0,19357000000.0,7933000000.0,7933000000.0,,,135087000000.0,115730000000.0,76340000000.0,77297000000.0,85230000000.0,973000000.0,1129000000.0,50127000000.0,49154000000.0,3431000000.0,-6407000000.0,776000000.0,12328000000.0,-12280000000.0,48000000.0,6419000000.0,1151000000.0,405000000.0,-1000000000.0,405000000.0,,-3213000000.0,9513000000.0,-4841000000.0,2024-12-31,107.73999786376953,101.32696533203125
DUK,2023-12-31,2023,Duke Energy Corporation,Utilities,Utilities - Regulated Electric,NYQ,USD,117.74,91802132480,187418148864,779702193,17135318,3.75,0.024400001,0.00131,0.71142,68.946,7.17232,29060000000.0,15304000000.0,13756000000.0,7781000000.0,7103000000.0,13865000000.0,4146160478.288232,4767000000.0,438000000.0,0.091882,2841000000.0,4329000000.0,,3014000000.0,771000000.0,771000000.0,3.54,3.54,176893000000.0,12769000000.0,253000000.0,253000000.0,4131000000.0,4292000000.0,116407000000.0,17283000000.0,7088000000.0,7088000000.0,,,126707000000.0,109424000000.0,72452000000.0,73369000000.0,80457000000.0,1962000000.0,1075000000.0,49111000000.0,47149000000.0,2235000000.0,-4514000000.0,770711728.0,9878000000.0,-12604000000.0,-2726000000.0,6084000000.0,187000000.0,8000000.0,0.0,8000000.0,,-3244000000.0,10638000000.0,-5205000000.0,2023-12-29,97.04000091552734,87.68354034423828
DUK,2022-12-31,2022,Duke Energy Corporation,Utilities,Utilities - Regulated Electric,NYQ,USD,117.74,91802132480,187418148864,779702193,17135318,3.75,0.024400001,0.00131,0.71142,68.946,7.17232,28768000000.0,15792000000.0,12976000000.0,6517000000.0,6424000000.0,12360000000.0,4072183423.24669,4078000000.0,300000000.0,0.073565,2550000000.0,3778000000.0,,2439000000.0,770000000.0,770000000.0,3.33,3.33,178086000000.0,13222000000.0,409000000.0,409000000.0,4415000000.0,3584000000.0,112790000000.0,18873000000.0,7830000000.0,7830000000.0,,,126233000000.0,107360000000.0,65873000000.0,66749000000.0,74579000000.0,1962000000.0,2531000000.0,49322000000.0,47360000000.0,2637000000.0,-5651000000.0,770000000.0,5927000000.0,-11367000000.0,-5440000000.0,5843000000.0,-3248000000.0,9000000.0,0.0,9000000.0,,-3179000000.0,12735000000.0,-4683000000.0,2022-12-30,102.98999786376953,89.13323974609375
DUK,2021-12-31,2021,Duke Energy Corporation,Utilities,Utilities - Regulated Electric,NYQ,USD,117.74,91802132480,187418148864,779702193,17135318,3.75,0.024400001,0.00131,0.71142,68.946,7.17232,,,,,,,,,,,,,,,,,,,,,,,,,,,,,,,,,,,,,,,,,,,,,,,,,,,,,,,2021-12-31,104.9000015258789,87.36286163330078
EOG,2025-12-31,2025,"EOG Resources, Inc.",Energy,Oil & Gas E&P,NYQ,USD,153.79,80667336704,81256562688,524529176,14772531,5.08,0.0315,0.0027700001,0.98135,60.636,14.66552,22582000000.0,8270000000.0,14312000000.0,6597000000.0,7250000000.0,11058000000.0,5654700000.0,6362000000.0,1382000000.0,0.22,4980000000.0,4980000000.0,5615000000.0,235000000.0,543000000.0,546000000.0,9.17,9.12,51799000000.0,7656000000.0,3396000000.0,3396000000.0,2681000000.0,1014000000.0,42341000000.0,4691000000.0,,499000000.0,,,21966000000.0,17275000000.0,7819000000.0,7909000000.0,8408000000.0,,,29833000000.0,29833000000.0,29765000000.0,2965000000.0,537670216.0,10044000000.0,-6594000000.0,3450000000.0,4461000000.0,-840000000.0,,-2564000000.0,-2564000000.0,216000000.0,-2161000000.0,4471000000.0,-2548000000.0,2025-12-31,105.01000213623047,102.45663452148438
EOG,2024-12-31,2024,"EOG Resources, Inc.",Energy,Oil & Gas E&P,NYQ,USD,153.79,80667336704,81256562688,524529176,14772531,5.08,0.0315,0.0027700001,0.98135,60.636,14.66552,23378000000.0,7402000000.0,15976000000.0,8356000000.0,8253000000.0,12464000000.0,6536380000.0,8218000000.0,1815000000.0,0.22,6403000000.0,6403000000.0,6386000000.0,138000000.0,566000000.0,569000000.0,11.31,11.25,47186000000.0,11230000000.0,7092000000.0,7092000000.0,2650000000.0,985000000.0,34212000000.0,5354000000.0,500000000.0,847000000.0,,,17835000000.0,12481000000.0,4102000000.0,4220000000.0,5067000000.0,,,29351000000.0,29351000000.0,26941000000.0,5876000000.0,557208477.0,12143000000.0,-6372000000.0,5771000000.0,4108000000.0,550000000.0,,-3246000000.0,-3246000000.0,199000000.0,-2087000000.0,985000000.0,-33000000.0,2024-12-31,122.58000183105469,115.6016616821289
EOG,2023-12-31,2023,"EOG Resources, Inc.",Energy,Oil & Gas E&P,NYQ,USD,153.79,80667336704,81256562688,524529176,14772531,5.08,0.0315,0.0027700001,0.98135,60.636,14.66552,23182000000.0,6566000000.0,16616000000.0,9837000000.0,8892000000.0,13329000000.0,7036735679.636701,9689000000.0,2095000000.0,0.216225,7594000000.0,7594000000.0,6349000000.0,148000000.0,581000000.0,584000000.0,13.07,13.0,43857000000.0,9935000000.0,5278000000.0,5278000000.0,2716000000.0,1275000000.0,32297000000.0,4074000000.0,34000000.0,359000000.0,,,15767000000.0,11693000000.0,3616000000.0,3765000000.0,4124000000.0,,,28090000000.0,28090000000.0,22634000000.0,5861000000.0,580860368.0,11340000000.0,-6185000000.0,5155000000.0,3492000000.0,191000000.0,,-1038000000.0,-1038000000.0,177000000.0,-3386000000.0,0.0,-1282000000.0,2023-12-29,120.94999694824219,110.83343505859375
EOG,2022-12-31,2022,"EOG Resources, Inc.",Energy,Oil & Gas E&P,NYQ,USD,153.79,80667336704,81256562688,524529176,14772531,5.08,0.0315,0.0027700001,0.98135,60.636,14.66552,29492000000.0,6460000000.0,23032000000.0,10080000000.0,14256000000.0,13622000000.0,11105200000.0,9901000000.0,2142000000.0,0.22,7759000000.0,7759000000.0,7105000000.0,179000000.0,583000000.0,587000000.0,13.31,13.22,41371000000.0,10475000000.0,5972000000.0,5972000000.0,2774000000.0,1058000000.0,29429000000.0,5513000000.0,1250000000.0,1579000000.0,,,16592000000.0,11079000000.0,3613000000.0,3795000000.0,5374000000.0,,,24779000000.0,24779000000.0,18472000000.0,4962000000.0,587696476.0,11093000000.0,-5000000000.0,6093000000.0,3542000000.0,-1159000000.0,,-118000000.0,-118000000.0,133000000.0,-5148000000.0,0.0,-35000000.0,2022-12-30,129.52000427246094,113.12535095214844
EOG,2021-12-31,2021,"EOG Resources, Inc.",Energy,Oil & Gas E&P,NYQ,USD,153.79,80667336704,81256562688,524529176,14772531,5.08,0.0315,0.0027700001,0.98135,60.636,14.66552,,,,,,,,,,,,,,,,,,,,,,,,,,,,,,,,,,,,,,,,,,,,,,,,,,,,,,,2021-12-31,88.83000183105469,72.10774993896484
GE,2025-12-31,2025,GE Aerospace,Industrials,Aerospace & Defense,NYQ,USD,307.1,318635442176,340000342016,1037562513,16008228,4.45,0.0154,0.003,0.80945,17.001,9.09193,45855000000.0,31417000000.0,14438000000.0,10843000000.0,8680000000.0,12063000000.0,8674015000.0,10000000000.0,1405000000.0,0.141,8704000000.0,8595000000.0,4178000000.0,843000000.0,1061000000.0,1068000000.0,8.2,8.14,130169000000.0,40595000000.0,12392000000.0,12392000000.0,9269000000.0,11868000000.0,7987000000.0,38981000000.0,1686000000.0,1686000000.0,,,111271000000.0,72290000000.0,18809000000.0,18809000000.0,20495000000.0,,221000000.0,18677000000.0,18677000000.0,87663000000.0,1614000000.0,1048766702.0,8537000000.0,-1273000000.0,7264000000.0,1220000000.0,-470000000.0,,-7551000000.0,-7551000000.0,,-1452000000.0,1985000000.0,-1811000000.0,2025-12-31,308.0299987792969,307.1990051269531
GE,2024-12-31,2024,GE Aerospace,Industrials,Aerospace & Defense,NYQ,USD,307.1,318635442176,340000342016,1037562513,16008228,4.45,0.0154,0.003,0.80945,17.001,9.09193,38702000000.0,26737000000.0,11965000000.0,8606000000.0,6761000000.0,9790000000.0,6948530000.0,7620000000.0,962000000.0,0.126,6556000000.0,6657000000.0,3918000000.0,986000000.0,1085430464.0,1094490818.0,6.04,5.99,123140000000.0,37635000000.0,13619000000.0,14601000000.0,7385000000.0,9763000000.0,7278000000.0,34392000000.0,2039000000.0,2039000000.0,,,103575000000.0,69183000000.0,17234000000.0,17234000000.0,19273000000.0,0.0,223000000.0,19342000000.0,19342000000.0,80488000000.0,3243000000.0,1073692183.0,4710000000.0,-1032000000.0,3678000000.0,1184000000.0,-697000000.0,,-5827000000.0,-5827000000.0,,-1008000000.0,0.0,-788000000.0,2024-12-31,166.7899932861328,165.3975372314453
GE,2023-12-31,2023,GE Aerospace,Industrials,Aerospace & Defense,NYQ,USD,307.1,318635442176,340000342016,1037562513,16008228,4.45,0.0154,0.003,0.80945,17.001,9.09193,35348000000.0,25825000000.0,9523000000.0,11470000000.0,4717000000.0,12649000000.0,5203445000.0,10441000000.0,994000000.0,0.095,9482000000.0,9448000000.0,3795000000.0,1029000000.0,1089000000.0,1099000000.0,8.44,8.36,173300000000.0,42556000000.0,15204000000.0,20910000000.0,6397000000.0,8284000000.0,7247000000.0,32102000000.0,1108000000.0,1108000000.0,,,144695000000.0,112593000000.0,19417000000.0,19417000000.0,20525000000.0,0.0,1202000000.0,27403000000.0,27403000000.0,86553000000.0,10454000000.0,1088415995.0,5189000000.0,-862000000.0,4327000000.0,1179000000.0,420000000.0,,-7028000000.0,-1233000000.0,,-589000000.0,0.0,-3282000000.0,2023-12-29,101.85953521728516,100.34706115722656
GE,2022-12-31,2022,GE Aerospace,Industrials,Aerospace & Defense,NYQ,USD,307.1,318635442176,340000342016,1037562513,16008228,4.45,0.0154,0.003,0.80945,17.001,9.09193,29139000000.0,21579000000.0,7560000000.0,2861000000.0,3596000000.0,4045000000.0,2637169000.0,1522000000.0,169000000.0,0.111,336000000.0,1353000000.0,3156000000.0,1339000000.0,1096000000.0,1096000000.0,0.05,0.05,188851000000.0,58382000000.0,15810000000.0,23419000000.0,14831000000.0,14891000000.0,12193000000.0,49428000000.0,3739000000.0,3739000000.0,,,153939000000.0,104511000000.0,20320000000.0,22409000000.0,26148000000.0,6000000.0,1216000000.0,33696000000.0,33690000000.0,82983000000.0,8954000000.0,1089107878.0,5917000000.0,-662000000.0,5255000000.0,1184000000.0,1129000000.0,,-1192000000.0,-1048000000.0,,-639000000.0,0.0,-11088000000.0,2022-12-30,52.20258331298828,51.272735595703125
GE,2021-12-31,2021,GE Aerospace,Industrials,Aerospace & Defense,NYQ,USD,307.1,318635442176,340000342016,1037562513,16008228,4.45,0.0154,0.003,0.80945,17.001,9.09193,,,,,,,,,,,,,,,,,,,,,,,,,,,,,,,,,,,,6000000.0,,,,,,,,,,,,,,,,,,,2021-12-31,58.85640335083008,57.5601692199707
GS,2025-12-31,2025,"The Goldman Sachs Group, Inc.",Financial Services,Capital Markets,NYQ,USD,976.51,284331769856,53911371776,291171408,6979915,3.86,0.0241,0.00551,0.75835,362.049,74.03244,58283000000.0,,,,,,17489619989.017025,21852000000.0,4676000000.0,0.213985,17176000000.0,17176000000.0,19616000000.0,66814000000.0,312700000.0,317600000.0,51.95,51.32,1809320000000.0,,164259000000.0,,185842000000.0,,9524000000.0,,87768000000.0,87768000000.0,4223000000.0,,1684348000000.0,,296212000000.0,298382000000.0,386150000000.0,15153000000.0,,124972000000.0,109819000000.0,165288000000.0,,296476742.0,-45154000000.0,-2064000000.0,-47218000000.0,2182000000.0,-68907000000.0,1895000000.0,-12360000000.0,-12360000000.0,3445000000.0,-5277000000.0,94706000000.0,-74833000000.0,2025-12-31,879.0,866.318603515625
GS,2024-12-31,2024,"The Goldman Sachs Group, Inc.",Financial Services,Capital Markets,NYQ,USD,976.51,284331769856,53911371776,291171408,6979915,3.86,0.0241,0.00551,0.75835,362.049,74.03244,53512000000.0,,,,,,14636838180.138065,18397000000.0,4121000000.0,0.224004,14276000000.0,14276000000.0,17352000000.0,73341000000.0,328100000.0,333600000.0,41.07,40.54,1675972000000.0,,182092000000.0,,133717000000.0,,9991000000.0,,90624000000.0,90624000000.0,3544000000.0,,1553976000000.0,,249869000000.0,251931000000.0,342555000000.0,13253000000.0,,121996000000.0,108743000000.0,153412000000.0,,310653708.0,-13212000000.0,-2091000000.0,-15303000000.0,2392000000.0,-26451000000.0,4239000000.0,-10200000000.0,-8000000000.0,2663000000.0,-4497000000.0,72495000000.0,-76555000000.0,2024-12-31,572.6199951171875,553.071533203125
GS,2023-12-31,2023,"The Goldman Sachs Group, Inc.",Financial Services,Capital Markets,NYQ,USD,976.51,284331769856,53911371776,291171408,6979915,3.86,0.0241,0.00551,0.75835,362.049,74.03244,46254000000.0,,,,,,10987781000.0,10739000000.0,2223000000.0,0.207,8516000000.0,8516000000.0,16128000000.0,62164000000.0,340800000.0,345800000.0,23.05,22.87,1641594000000.0,,241577000000.0,,132495000000.0,,13415000000.0,,83149000000.0,83149000000.0,2947000000.0,,1524689000000.0,,247867000000.0,250099000000.0,333248000000.0,11203000000.0,,116905000000.0,105702000000.0,143688000000.0,,323376354.0,-12587000000.0,-2316000000.0,-14903000000.0,4856000000.0,-24413000000.0,1496000000.0,-6796000000.0,-5796000000.0,2085000000.0,-4189000000.0,50200000000.0,-57636000000.0,2023-12-29,385.7699890136719,363.7879638671875
GS,2022-12-31,2022,"The Goldman Sachs Group, Inc.",Financial Services,Capital Markets,NYQ,USD,976.51,284331769856,53911371776,291171408,6979915,3.86,0.0241,0.00551,0.75835,362.049,74.03244,47365000000.0,,,,,,11523190000.0,13486000000.0,2225000000.0,0.165,11261000000.0,11261000000.0,15960000000.0,21346000000.0,352100000.0,358100000.0,30.42,30.06,1441799000000.0,,241825000000.0,,135448000000.0,,19246000000.0,,67800000000.0,67800000000.0,2669000000.0,,1324610000000.0,,254245000000.0,256399000000.0,324199000000.0,10703000000.0,,117189000000.0,106486000000.0,139372000000.0,,334918639.0,8708000000.0,-3748000000.0,4960000000.0,2455000000.0,-9481000000.0,0.0,-3500000000.0,-3500000000.0,4083000000.0,-3682000000.0,86322000000.0,-46213000000.0,2022-12-30,343.3800048828125,313.8658752441406
GS,2021-12-31,2021,"The Goldman Sachs Group, Inc.",Financial Services,Capital Markets,NYQ,USD,976.51,284331769856,53911371776,291171408,6979915,3.86,0.0241,0.00551,0.75835,362.049,74.03244,,,,,,,,,,,,,,,,,,,,,,,,,,,,,,,,,,,,,,,,,,,,,,,,,,,,,,,2021-12-31,382.54998779296875,340.680908203125
HD,2026-01-31,2026,"The Home Depot, Inc.",Consumer Cyclical,Home Improvement Retail,NYQ,USD,305.54,304834084864,371254788096,997689626,8879597,2.38,0.0099,0.00068999996,0.76792,16.65,16.0248,164683000000.0,109818000000.0,54865000000.0,21014000000.0,20890000000.0,25135000000.0,14156000000.0,18602000000.0,4446000000.0,0.239,14156000000.0,14156000000.0,30702000000.0,2412000000.0,993000000.0,995000000.0,14.26,14.23,105095000000.0,34391000000.0,1389000000.0,1389000000.0,5030000000.0,25817000000.0,37225000000.0,32424000000.0,9431000000.0,10849000000.0,114000000.0,,92282000000.0,59858000000.0,46341000000.0,54501000000.0,65350000000.0,,,12813000000.0,12813000000.0,94537000000.0,1967000000.0,995511485.0,16325000000.0,-3679000000.0,12646000000.0,4121000000.0,-2666000000.0,314000000.0,0.0,314000000.0,522000000.0,-9152000000.0,2161000000.0,-5040000000.0,2026-01-30,374.5899963378906,366.6302185058594
HD,2025-01-31,2025,"The Home Depot, Inc.",Consumer Cyclical,Home Improvement Retail,NYQ,USD,305.54,304834084864,371254788096,997689626,8879597,2.38,0.0099,0.00068999996,0.76792,16.65,16.0248,159514000000.0,106206000000.0,53308000000.0,21727000000.0,21526000000.0,25488000000.0,14806000000.0,19406000000.0,4600000000.0,0.23704,14806000000.0,14806000000.0,28748000000.0,2321000000.0,990000000.0,993000000.0,14.96,14.91,96119000000.0,31683000000.0,1659000000.0,1659000000.0,4319000000.0,23451000000.0,35294000000.0,28661000000.0,4898000000.0,6172000000.0,832000000.0,,89479000000.0,60818000000.0,48485000000.0,56118000000.0,62290000000.0,,,6640000000.0,6640000000.0,89533000000.0,3022000000.0,994000000.0,19810000000.0,-3485000000.0,16325000000.0,3761000000.0,694000000.0,395000000.0,-649000000.0,-254000000.0,442000000.0,-8929000000.0,10010000000.0,-1536000000.0,2025-01-31,411.9800109863281,393.4173583984375
HD,2024-01-31,2024,"The Home Depot, Inc.",Consumer Cyclical,Home Improvement Retail,NYQ,USD,305.54,304834084864,371254788096,997689626,8879597,2.38,0.0099,0.00068999996,0.76792,16.65,16.0248,152669000000.0,101709000000.0,50960000000.0,21867000000.0,21689000000.0,25114000000.0,15143000000.0,19924000000.0,4781000000.0,0.239962,15143000000.0,15143000000.0,26598000000.0,1943000000.0,999000000.0,1002000000.0,15.16,15.11,76530000000.0,29775000000.0,3760000000.0,3760000000.0,2753000000.0,20976000000.0,34038000000.0,22015000000.0,1368000000.0,2418000000.0,28000000.0,,75486000000.0,53471000000.0,42743000000.0,49825000000.0,52243000000.0,,,1044000000.0,1044000000.0,83656000000.0,7760000000.0,992000000.0,21172000000.0,-3226000000.0,17946000000.0,3247000000.0,2088000000.0,323000000.0,-7951000000.0,-7628000000.0,380000000.0,-8383000000.0,1995000000.0,-1271000000.0,2024-01-31,352.9599914550781,328.998291015625
HD,2023-01-31,2023,"The Home Depot, Inc.",Consumer Cyclical,Home Improvement Retail,NYQ,USD,305.54,304834084864,371254788096,997689626,8879597,2.38,0.0099,0.00068999996,0.76792,16.65,16.0248,157403000000.0,104625000000.0,52778000000.0,24094000000.0,24039000000.0,27069000000.0,17105000000.0,22477000000.0,5372000000.0,0.239,17105000000.0,17105000000.0,26284000000.0,1617000000.0,1022000000.0,1025000000.0,16.74,16.69,76445000000.0,32471000000.0,2757000000.0,2757000000.0,2822000000.0,24886000000.0,32572000000.0,23110000000.0,1231000000.0,2176000000.0,50000000.0,,74883000000.0,51773000000.0,41962000000.0,48188000000.0,50364000000.0,,,1562000000.0,1562000000.0,76896000000.0,9361000000.0,1016000000.0,14615000000.0,-3119000000.0,11496000000.0,2975000000.0,-6102000000.0,264000000.0,-6696000000.0,-6432000000.0,366000000.0,-7789000000.0,6942000000.0,-2491000000.0,2023-01-31,324.1700134277344,293.982177734375
HD,2022-01-31,2022,"The Home Depot, Inc.",Consumer Cyclical,Home Improvement Retail,NYQ,USD,305.54,304834084864,371254788096,997689626,8879597,2.38,0.0099,0.00068999996,0.76792,16.65,16.0248,,,,,,,,,,,,,,,,,,,,,,,,,,,,,,,,,,,,,,,,,,,,,,,,,,,,,,,2022-01-31,366.9800109863281,324.63812255859375
HON,2025-12-31,2025,Honeywell International Inc.,Industrials,Conglomerates,NMS,USD,203.44,64478273536,89904381952,316940010,6445823,2.09,0.020299999,0.00081,0.84486,58.487,9.93901,37442000000.0,23613000000.0,13829000000.0,6820000000.0,6567000000.0,8208000000.0,5595960000.0,5476000000.0,1008000000.0,0.184,4729000000.0,4468000000.0,5450000000.0,1344000000.0,319500000.0,321400000.0,14.8,14.72,73681000000.0,30387000000.0,12487000000.0,12930000000.0,7621000000.0,6162000000.0,4629000000.0,23414000000.0,7439000000.0,7613000000.0,791000000.0,,58651000000.0,35237000000.0,27141000000.0,27950000000.0,35563000000.0,,1126000000.0,13904000000.0,13904000000.0,50964000000.0,6973000000.0,317650000.0,6408000000.0,-986000000.0,5422000000.0,1388000000.0,-352000000.0,237000000.0,-3804000000.0,-3567000000.0,196000000.0,-2976000000.0,28332000000.0,-25724000000.0,2025-12-31,204.60409545898438,201.87478637695312
HON,2024-12-31,2024,Honeywell International Inc.,Industrials,Conglomerates,NMS,USD,203.44,64478273536,89904381952,316940010,6445823,2.09,0.020299999,0.00081,0.84486,58.487,9.93901,34717000000.0,21360000000.0,13357000000.0,7292000000.0,6668000000.0,8444000000.0,5220800000.0,6244000000.0,1249000000.0,0.2,5705000000.0,4995000000.0,5235000000.0,1048000000.0,325450000.0,327650000.0,17.52,17.42,75196000000.0,27908000000.0,9906000000.0,10292000000.0,7247000000.0,5884000000.0,4457000000.0,21256000000.0,5598000000.0,5774000000.0,957000000.0,,56035000000.0,34779000000.0,25440000000.0,26303000000.0,32077000000.0,,542000000.0,18619000000.0,18619000000.0,50835000000.0,6652000000.0,324900000.0,6097000000.0,-871000000.0,5226000000.0,1152000000.0,-284000000.0,537000000.0,-1655000000.0,-1118000000.0,189000000.0,-2902000000.0,24246000000.0,-13390000000.0,2024-12-31,223.28570556640625,215.6000518798828
HON,2023-12-31,2023,Honeywell International Inc.,Industrials,Conglomerates,NMS,USD,203.44,64478273536,89904381952,316940010,6445823,2.09,0.020299999,0.00081,0.84486,58.487,9.93901,33009000000.0,20637000000.0,12372000000.0,6940000000.0,6110000000.0,7944000000.0,4922164000.0,6191000000.0,1262000000.0,0.204,5658000000.0,4929000000.0,4887000000.0,749000000.0,331500000.0,334100000.0,17.06,16.94,61525000000.0,23502000000.0,7925000000.0,8095000000.0,7530000000.0,6178000000.0,5660000000.0,18539000000.0,3881000000.0,4077000000.0,680000000.0,,45084000000.0,26545000000.0,16562000000.0,17459000000.0,21536000000.0,,585000000.0,15856000000.0,15856000000.0,47979000000.0,4963000000.0,325900000.0,5340000000.0,-741000000.0,4599000000.0,1004000000.0,48000000.0,196000000.0,-3715000000.0,-3519000000.0,197000000.0,-2855000000.0,15977000000.0,-15394000000.0,2023-12-29,207.29225158691406,195.97222900390625
HON,2022-12-31,2022,Honeywell International Inc.,Industrials,Conglomerates,NMS,USD,203.44,64478273536,89904381952,316940010,6445823,2.09,0.020299999,0.00081,0.84486,58.487,9.93901,35466000000.0,22347000000.0,13119000000.0,6793000000.0,6427000000.0,7997000000.0,5322782000.0,6379000000.0,1412000000.0,0.221,4966000000.0,4967000000.0,5214000000.0,414000000.0,338550000.0,341550000.0,14.66,14.54,62275000000.0,24982000000.0,9627000000.0,10110000000.0,7440000000.0,5538000000.0,5471000000.0,19938000000.0,4447000000.0,4639000000.0,549000000.0,,44949000000.0,25011000000.0,15123000000.0,15898000000.0,20537000000.0,,629000000.0,16697000000.0,16697000000.0,45093000000.0,5044000000.0,333800000.0,5274000000.0,-766000000.0,4508000000.0,1204000000.0,-745000000.0,320000000.0,-4200000000.0,-3880000000.0,188000000.0,-2719000000.0,10614000000.0,-10297000000.0,2022-12-30,211.82933044433594,195.9351348876953
HON,2021-12-31,2021,Honeywell International Inc.,Industrials,Conglomerates,NMS,USD,203.44,64478273536,89904381952,316940010,6445823,2.09,0.020299999,0.00081,0.84486,58.487,9.93901,,,,,,,,,,,,,4798000000.0,,,,,,,,,,,,,,,,,,,,,,,,,,,,,,,,,,,,,,,,,,2021-12-31,206.1060791015625,186.7777862548828
IBM,2025-12-31,2025,International Business Machines Corporation,Technology,Information Technology Services,NYQ,USD,248.4,234026172416,291905241088,942134390,22016017,4.02,0.025899999,0.00105,0.66611,36.568,13.16241,67536000000.0,28239000000.0,39297000000.0,12263000000.0,12492000000.0,17284000000.0,11336884700.0,10328000000.0,-242000000.0,0.2557,10593000000.0,10571000000.0,18141000000.0,1935000000.0,932293927.0,948675228.0,11.36,11.17,151880000000.0,36944000000.0,13587000000.0,14417000000.0,8112000000.0,1220000000.0,9028000000.0,38658000000.0,6424000000.0,7224000000.0,,,119139000000.0,80481000000.0,54836000000.0,57383000000.0,64607000000.0,,93000000.0,32648000000.0,32648000000.0,155648000000.0,-1714000000.0,936952129.0,13193000000.0,-1738000000.0,11455000000.0,5021000000.0,-3139000000.0,710000000.0,-1018000000.0,-308000000.0,1715000000.0,-6255000000.0,8391000000.0,-5489000000.0,2025-12-31,296.2099914550781,290.29638671875
IBM,2024-12-31,2024,International Business Machines Corporation,Technology,Information Technology Services,NYQ,USD,248.4,234026172416,291905241088,942134390,22016017,4.02,0.025899999,0.00105,0.66611,36.568,13.16241,62753000000.0,27201000000.0,35551000000.0,7509000000.0,10074000000.0,12176000000.0,6119861700.0,5797000000.0,-218000000.0,0.2563,6023000000.0,6015000000.0,17910000000.0,1712000000.0,921767834.0,937161224.0,6.53,6.43,137175000000.0,34482000000.0,13947000000.0,14591000000.0,6804000000.0,1289000000.0,8929000000.0,33142000000.0,5089000000.0,5857000000.0,,,109782000000.0,76640000000.0,49884000000.0,52539000000.0,58396000000.0,,86000000.0,27307000000.0,27307000000.0,151163000000.0,1340000000.0,926290070.0,13445000000.0,-1685000000.0,11760000000.0,4667000000.0,1313000000.0,745000000.0,-651000000.0,94000000.0,1311000000.0,-6147000000.0,5705000000.0,-6615000000.0,2024-12-31,219.8300018310547,210.01498413085938
IBM,2023-12-31,2023,International Business Machines Corporation,Technology,Information Technology Services,NYQ,USD,248.4,234026172416,291905241088,942134390,22016017,4.02,0.025899999,0.00105,0.66611,36.568,13.16241,61860000000.0,27560000000.0,34300000000.0,10297000000.0,9382000000.0,14693000000.0,7565900000.0,8690000000.0,1176000000.0,0.135,7502000000.0,7514000000.0,19003000000.0,1607000000.0,911200000.0,922100000.0,8.23,8.14,135241000000.0,32908000000.0,13068000000.0,13441000000.0,7214000000.0,1161000000.0,8722000000.0,34122000000.0,6426000000.0,7246000000.0,,,112628000000.0,78506000000.0,50121000000.0,52689000000.0,59935000000.0,,80000000.0,22533000000.0,22533000000.0,151276000000.0,-1214000000.0,915013646.0,13931000000.0,-1810000000.0,12121000000.0,4396000000.0,2184000000.0,414000000.0,-402000000.0,12000000.0,1133000000.0,-6040000000.0,9586000000.0,-5082000000.0,2023-12-29,163.5500030517578,150.79652404785156
IBM,2022-12-31,2022,International Business Machines Corporation,Technology,Information Technology Services,NYQ,USD,248.4,234026172416,291905241088,942134390,22016017,4.02,0.025899999,0.00105,0.66611,36.568,13.16241,60530000000.0,27842000000.0,32687000000.0,2372000000.0,8174000000.0,7174000000.0,1679134000.0,1156000000.0,-626000000.0,0.2581,1640000000.0,1783000000.0,18609000000.0,1216000000.0,902664190.0,912269062.0,1.82,1.8,127243000000.0,29118000000.0,7886000000.0,8738000000.0,6541000000.0,1552000000.0,8212000000.0,31505000000.0,4760000000.0,5634000000.0,,,105222000000.0,73717000000.0,46189000000.0,48379000000.0,54013000000.0,,77000000.0,21944000000.0,21944000000.0,149825000000.0,-2387000000.0,906091977.0,10435000000.0,-1972000000.0,8463000000.0,4802000000.0,202000000.0,279000000.0,-407000000.0,-128000000.0,987000000.0,-5948000000.0,7804000000.0,-6800000000.0,2022-12-30,140.88999938964844,123.757080078125
IBM,2021-12-31,2021,International Business Machines Corporation,Technology,Information Technology Services,NYQ,USD,248.4,234026172416,291905241088,942134390,22016017,4.02,0.025899999,0.00105,0.66611,36.568,13.16241,,,,,,,,,,,,,,,,,,,,,,,,,,,,,,,,,,,,,,,,,,,,,,,,,,,,,,,2021-12-31,133.66000366210938,111.85871887207031
JNJ,2025-12-31,2025,Johnson & Johnson,Healthcare,Drug Manufacturers - General,NYQ,USD,266.88,643153723392,670082203648,2409898597,21670595,3.32,0.01,0.00053,0.76728,35.284,12.285,94193000000.0,30256000000.0,63937000000.0,33552000000.0,25596000000.0,41055000000.0,21957544581.19763,32581000000.0,5777000000.0,0.177312,26804000000.0,26804000000.0,23676000000.0,971000000.0,2407939000.0,2429400000.0,11.131511,11.03,199210000000.0,55624000000.0,19709000000.0,20102000000.0,17178000000.0,14191000000.0,23169000000.0,54126000000.0,8495000000.0,8495000000.0,1388000000.0,,117666000000.0,63540000000.0,39438000000.0,39438000000.0,47933000000.0,0.0,,81544000000.0,81544000000.0,,1498000000.0,2407939000.0,24530000000.0,-5217000000.0,19313000000.0,7503000000.0,-12718000000.0,0.0,-5953000000.0,-5953000000.0,1354000000.0,-12381000000.0,23724000000.0,-14087000000.0,2025-12-31,206.9499969482422,203.6740264892578
JNJ,2024-12-31,2024,Johnson & Johnson,Healthcare,Drug Manufacturers - General,NYQ,USD,266.88,643153723392,670082203648,2409898597,21670595,3.32,0.01,0.00053,0.76728,35.284,12.285,88821000000.0,27471000000.0,61350000000.0,17442000000.0,21249000000.0,24781000000.0,20004453286.989872,16687000000.0,2621000000.0,0.157068,14066000000.0,14066000000.0,22869000000.0,755000000.0,2406922000.0,2429400000.0,5.843978,5.79,180104000000.0,55893000000.0,24105000000.0,24522000000.0,14842000000.0,12444000000.0,20518000000.0,50321000000.0,5983000000.0,5983000000.0,3772000000.0,,108614000000.0,58293000000.0,30651000000.0,30651000000.0,36634000000.0,0.0,,71490000000.0,71490000000.0,,5572000000.0,2406922000.0,24266000000.0,-6207000000.0,18059000000.0,7339000000.0,1837000000.0,0.0,-2432000000.0,-2432000000.0,1176000000.0,-11823000000.0,21937000000.0,-11886000000.0,2024-12-31,144.6199951171875,138.10325622558594
JNJ,2023-12-31,2023,Johnson & Johnson,Healthcare,Drug Manufacturers - General,NYQ,USD,266.88,643153723392,670082203648,2409898597,21670595,3.32,0.01,0.00053,0.76728,35.284,12.285,85159000000.0,26553000000.0,58606000000.0,15834000000.0,22009000000.0,23320000000.0,14035770000.0,15062000000.0,1736000000.0,0.115,35153000000.0,13326000000.0,21512000000.0,772000000.0,2407078000.0,2560400000.0,14.604014,13.72,167558000000.0,53495000000.0,21859000000.0,22927000000.0,14873000000.0,11181000000.0,19898000000.0,46282000000.0,3451000000.0,3451000000.0,2993000000.0,,98784000000.0,52502000000.0,25881000000.0,25881000000.0,29332000000.0,0.0,,68774000000.0,68774000000.0,153843000000.0,7213000000.0,2407078000.0,22791000000.0,-5013000000.0,17778000000.0,7486000000.0,2507000000.0,4241000000.0,-5054000000.0,-813000000.0,1162000000.0,-11770000000.0,21790000000.0,-24524000000.0,2023-12-29,156.74000549316406,145.0839080810547
JNJ,2022-12-31,2022,Johnson & Johnson,Healthcare,Drug Manufacturers - General,NYQ,USD,266.88,643153723392,670082203648,2409898597,21670595,3.32,0.01,0.00053,0.76728,35.284,12.285,79990000000.0,24596000000.0,55394000000.0,19635000000.0,21013000000.0,26605000000.0,17265068000.0,19359000000.0,2989000000.0,0.154,17941000000.0,16370000000.0,20246000000.0,276000000.0,2613597000.0,2663900000.0,6.862158,6.73,187378000000.0,55294000000.0,12889000000.0,22281000000.0,14039000000.0,10268000000.0,17982000000.0,55802000000.0,12756000000.0,12756000000.0,2220000000.0,,110574000000.0,54772000000.0,26886000000.0,26886000000.0,39642000000.0,0.0,,76804000000.0,76804000000.0,128345000000.0,-508000000.0,2613597000.0,21194000000.0,-4009000000.0,17185000000.0,6970000000.0,-4011000000.0,0.0,-6035000000.0,-6035000000.0,1138000000.0,-11682000000.0,16136000000.0,-8684000000.0,2022-12-30,176.64999389648438,158.69757080078125
JNJ,2021-12-31,2021,Johnson & Johnson,Healthcare,Drug Manufacturers - General,NYQ,USD,266.88,643153723392,670082203648,2409898597,21670595,3.32,0.01,0.00053,0.76728,35.284,12.285,,,,,,,,,,,,,20118000000.0,,,,,,,,,,,,,,,,,,,,,,,,,,,123060000000.0,,,,,,,,,,,,,,,2021-12-31,171.07000732421875,149.7501983642578
JPM,2025-12-31,2025,JPMorgan Chase & Co.,Financial Services,Banks - Diversified,NYQ,USD,353.62,939987828736,768638713856,2658186195,26537949,4.65,0.01,0.00391,0.75689006,133.007,24.98799,181847000000.0,,,,,,56238585577.51911,72595000000.0,15547000000.0,0.214161,57048000000.0,57048000000.0,60018000000.0,97898000000.0,2776500000.0,2781500000.0,20.05,20.02,4424900000000.0,,343338000000.0,,111599000000.0,,36244000000.0,,66012000000.0,66012000000.0,,,4062462000000.0,,433970000000.0,433970000000.0,499982000000.0,20045000000.0,,362438000000.0,342393000000.0,416055000000.0,,2696272576.0,-147782000000.0,,-147782000000.0,8821000000.0,-218801000000.0,3000000000.0,-34591000000.0,-31591000000.0,,-16625000000.0,120761000000.0,-108100000000.0,2025-12-31,322.2200012207031,317.70855712890625
JPM,2024-12-31,2024,JPMorgan Chase & Co.,Financial Services,Banks - Diversified,NYQ,USD,353.62,939987828736,768638713856,2658186195,26537949,4.65,0.01,0.00391,0.75689006,133.007,24.98799,169439000000.0,,,,,,53914403510.87492,75081000000.0,16610000000.0,0.221228,58471000000.0,58471000000.0,56331000000.0,101350000000.0,2873900000.0,2879000000.0,19.79,19.75,4002814000000.0,,469317000000.0,,101223000000.0,,32223000000.0,,52893000000.0,52893000000.0,,,3658056000000.0,,401418000000.0,401418000000.0,454311000000.0,20050000000.0,,344758000000.0,324708000000.0,376166000000.0,,2797620401.0,-42012000000.0,,-42012000000.0,7938000000.0,-114220000000.0,2500000000.0,-28680000000.0,-18830000000.0,,-14783000000.0,109915000000.0,-96605000000.0,2024-12-31,239.7100067138672,231.4541473388672
JPM,2023-12-31,2023,JPMorgan Chase & Co.,Financial Services,Banks - Diversified,NYQ,USD,353.62,939987828736,768638713856,2658186195,26537949,4.65,0.01,0.00391,0.75689006,133.007,24.98799,154952000000.0,,,,,,51386728000.0,61612000000.0,12060000000.0,0.196,49552000000.0,49552000000.0,51056000000.0,81321000000.0,2938600000.0,2943100000.0,16.25,16.23,3875393000000.0,,624151000000.0,,107363000000.0,,30157000000.0,,44712000000.0,44712000000.0,,,3547515000000.0,,391825000000.0,391825000000.0,436537000000.0,27404000000.0,,327878000000.0,300474000000.0,332901000000.0,,2876658594.0,12974000000.0,,12974000000.0,7512000000.0,-56168000000.0,0.0,-9824000000.0,-9824000000.0,,-13463000000.0,75417000000.0,-64880000000.0,2023-12-29,170.10000610351562,160.41107177734375
JPM,2022-12-31,2022,JPMorgan Chase & Co.,Financial Services,Banks - Diversified,NYQ,USD,353.62,939987828736,768638713856,2658186195,26537949,4.65,0.01,0.00391,0.75689006,133.007,24.98799,127727000000.0,,,,,,37147232000.0,46166000000.0,8490000000.0,0.184,37676000000.0,37676000000.0,45547000000.0,26097000000.0,2965800000.0,2970000000.0,12.1,12.09,3665743000000.0,,567234000000.0,,125189000000.0,,27734000000.0,,44027000000.0,44027000000.0,,,3373411000000.0,,295865000000.0,295865000000.0,339892000000.0,27404000000.0,,292332000000.0,264928000000.0,296456000000.0,,2934257801.0,107119000000.0,,107119000000.0,7051000000.0,32686000000.0,0.0,-10596000000.0,-3162000000.0,,-13562000000.0,78442000000.0,-45556000000.0,2022-12-30,134.10000610351562,122.80113983154297
JPM,2021-12-31,2021,JPMorgan Chase & Co.,Financial Services,Banks - Diversified,NYQ,USD,353.62,939987828736,768638713856,2658186195,26537949,4.65,0.01,0.00391,0.75689006,133.007,24.98799,,,,,,,,,,,,,,,,,,,,,,,,,,,,,,,,,,,,,,,,,,,,,,,,,,,,,,,2021-12-31,158.35000610351562,140.5710906982422
KO,2025-12-31,2025,The Coca-Cola Company,Consumer Defensive,Beverages - Non-Alcoholic,NYQ,USD,88.7,381636083712,414487773184,4302549243,39287289,2.71,0.0092,0.098950006,0.68239,8.401,3.52638,47941000000.0,18397000000.0,29544000000.0,17652000000.0,14911000000.0,18702000000.0,13091397862.232779,15998000000.0,2861000000.0,0.178835,13107000000.0,13137000000.0,14521000000.0,1654000000.0,4303000000.0,4313000000.0,3.05,3.04,104816000000.0,31044000000.0,10270000000.0,15806000000.0,3038000000.0,4425000000.0,9613000000.0,21281000000.0,3373000000.0,3373000000.0,525000000.0,,70541000000.0,49260000000.0,42119000000.0,42119000000.0,45492000000.0,,2106000000.0,32169000000.0,32169000000.0,80382000000.0,9763000000.0,4301608845.0,7408000000.0,-2112000000.0,5296000000.0,1050000000.0,-7208000000.0,313000000.0,-746000000.0,-433000000.0,279000000.0,-8779000000.0,4980000000.0,-4967000000.0,2025-12-31,69.91000366210938,68.9871826171875
KO,2024-12-31,2024,The Coca-Cola Company,Consumer Defensive,Beverages - Non-Alcoholic,NYQ,USD,88.7,381636083712,414487773184,4302549243,39287289,2.71,0.0092,0.098950006,0.68239,8.401,3.52638,47061000000.0,18324000000.0,28737000000.0,14742000000.0,14022000000.0,15817000000.0,12264237276.47868,13086000000.0,2437000000.0,0.18623,10631000000.0,10649000000.0,14582000000.0,1656000000.0,4309000000.0,4320000000.0,2.47,2.46,100549000000.0,25997000000.0,10828000000.0,14571000000.0,3569000000.0,4728000000.0,10303000000.0,25249000000.0,2147000000.0,2147000000.0,1387000000.0,,74177000000.0,48928000000.0,42375000000.0,42375000000.0,44522000000.0,,1516000000.0,24856000000.0,24856000000.0,76054000000.0,748000000.0,4302000000.0,6805000000.0,-2064000000.0,4741000000.0,1075000000.0,-6234000000.0,747000000.0,-1795000000.0,-1048000000.0,286000000.0,-8359000000.0,12061000000.0,-9533000000.0,2024-12-31,62.2599983215332,59.67747497558594
KO,2023-12-31,2023,The Coca-Cola Company,Consumer Defensive,Beverages - Non-Alcoholic,NYQ,USD,88.7,381636083712,414487773184,4302549243,39287289,2.71,0.0092,0.098950006,0.68239,8.401,3.52638,45754000000.0,18520000000.0,27234000000.0,14479000000.0,13098000000.0,15607000000.0,12190062000.0,12952000000.0,2249000000.0,0.174,10714000000.0,10703000000.0,13972000000.0,1527000000.0,4323000000.0,4339000000.0,2.48,2.47,97703000000.0,26732000000.0,9366000000.0,13663000000.0,3410000000.0,4424000000.0,9236000000.0,23571000000.0,6517000000.0,6517000000.0,1569000000.0,,70223000000.0,46652000000.0,35547000000.0,35547000000.0,42064000000.0,,1539000000.0,25941000000.0,25941000000.0,73782000000.0,3161000000.0,4308000000.0,11599000000.0,-1852000000.0,9747000000.0,1128000000.0,-846000000.0,539000000.0,-2289000000.0,-1750000000.0,254000000.0,-7952000000.0,6891000000.0,-5034000000.0,2023-12-29,58.93000030517578,54.81157684326172
KO,2022-12-31,2022,The Coca-Cola Company,Consumer Defensive,Beverages - Non-Alcoholic,NYQ,USD,88.7,381636083712,414487773184,4302549243,39287289,2.71,0.0092,0.098950006,0.68239,8.401,3.52638,43004000000.0,18000000000.0,25004000000.0,12568000000.0,12042000000.0,13828000000.0,10469927000.0,11686000000.0,2115000000.0,0.181,9542000000.0,9571000000.0,12880000000.0,882000000.0,4328000000.0,4350000000.0,2.2,2.19,92763000000.0,22591000000.0,9519000000.0,11631000000.0,3487000000.0,4233000000.0,9841000000.0,19724000000.0,2772000000.0,2772000000.0,1203000000.0,,66937000000.0,47213000000.0,36377000000.0,36377000000.0,39149000000.0,,1721000000.0,24105000000.0,24105000000.0,71019000000.0,2867000000.0,4328000000.0,11018000000.0,-1484000000.0,9534000000.0,1260000000.0,-605000000.0,837000000.0,-1418000000.0,-581000000.0,356000000.0,-7616000000.0,3972000000.0,-4930000000.0,2022-12-30,63.61000061035156,57.3549919128418
KO,2021-12-31,2021,The Coca-Cola Company,Consumer Defensive,Beverages - Non-Alcoholic,NYQ,USD,88.7,381636083712,414487773184,4302549243,39287289,2.71,0.0092,0.098950006,0.68239,8.401,3.52638,,,,,,,,,,,,,,,,,,,,,,,,,,,,,,,,,,,,,,,,,,,,,,,,,,,,,,,2021-12-31,59.209999084472656,51.85355758666992
LOW,2026-01-31,2026,"Lowe's Companies, Inc.",Consumer Cyclical,Home Improvement Retail,NYQ,USD,194.56,109158670336,150043082752,561054019,9176642,3.09,0.0182,0.0010800001,0.81347,-13.257,13.02812,86286000000.0,57401000000.0,28885000000.0,10274000000.0,10153000000.0,12468000000.0,6654000000.0,8747000000.0,2093000000.0,0.239,6654000000.0,6654000000.0,16791000000.0,1527000000.0,559000000.0,560000000.0,11.87,11.85,54144000000.0,20955000000.0,982000000.0,982000000.0,1090000000.0,17300000000.0,22665000000.0,19463000000.0,2431000000.0,3144000000.0,23000000.0,,64061000000.0,44598000000.0,37490000000.0,41533000000.0,44677000000.0,0.0,,-9917000000.0,-9917000000.0,-10839000000.0,1492000000.0,560951457.0,9864000000.0,-2213000000.0,7651000000.0,2194000000.0,-112000000.0,,-211000000.0,-211000000.0,247000000.0,-2636000000.0,6974000000.0,-2587000000.0,2026-01-30,267.05999755859375,264.15167236328125
LOW,2025-01-31,2025,"Lowe's Companies, Inc.",Consumer Cyclical,Home Improvement Retail,NYQ,USD,194.56,109158670336,150043082752,561054019,9176642,3.09,0.0182,0.0010800001,0.81347,-13.257,13.02812,83674000000.0,55797000000.0,27877000000.0,10625000000.0,10466000000.0,12597000000.0,6957000000.0,9153000000.0,2196000000.0,0.239921,6957000000.0,6957000000.0,15682000000.0,1472000000.0,567000000.0,568000000.0,12.25,12.23,43102000000.0,20358000000.0,1761000000.0,1761000000.0,94000000.0,17409000000.0,21387000000.0,18757000000.0,2586000000.0,3149000000.0,491000000.0,,57333000000.0,38576000000.0,32901000000.0,36529000000.0,39678000000.0,0.0,,-14231000000.0,-14231000000.0,-14799000000.0,1601000000.0,560000000.0,9625000000.0,-1927000000.0,7698000000.0,1972000000.0,118000000.0,,-4053000000.0,-4053000000.0,221000000.0,-2566000000.0,0.0,-545000000.0,2025-01-31,260.0400085449219,252.12689208984375
LOW,2024-01-31,2024,"Lowe's Companies, Inc.",Consumer Cyclical,Home Improvement Retail,NYQ,USD,194.56,109158670336,150043082752,561054019,9176642,3.09,0.0182,0.0010800001,0.81347,-13.257,13.02812,86377000000.0,57533000000.0,28844000000.0,11658000000.0,11557000000.0,13581000000.0,7726000000.0,10175000000.0,2449000000.0,0.240688,7726000000.0,7726000000.0,15570000000.0,1483000000.0,582000000.0,584000000.0,13.23,13.2,41795000000.0,19071000000.0,921000000.0,921000000.0,,16894000000.0,21386000000.0,15568000000.0,537000000.0,1024000000.0,33000000.0,,56845000000.0,41277000000.0,35384000000.0,39121000000.0,40145000000.0,0.0,,-15050000000.0,-15050000000.0,-15637000000.0,3503000000.0,574000000.0,8140000000.0,-1964000000.0,6176000000.0,1923000000.0,-2228000000.0,,-6138000000.0,-6138000000.0,210000000.0,-2531000000.0,2983000000.0,-601000000.0,2024-01-31,212.83999633789062,202.64151000976562
LOW,2023-01-31,2023,"Lowe's Companies, Inc.",Consumer Cyclical,Home Improvement Retail,NYQ,USD,194.56,109158670336,150043082752,561054019,9176642,3.09,0.0182,0.0010800001,0.81347,-13.257,13.02812,97059000000.0,64802000000.0,32257000000.0,10196000000.0,10159000000.0,12177000000.0,6437000000.0,9036000000.0,2599000000.0,0.288,6437000000.0,6437000000.0,20332000000.0,1160000000.0,629000000.0,631000000.0,10.2,10.17,43708000000.0,21442000000.0,1348000000.0,1348000000.0,,18532000000.0,21085000000.0,19511000000.0,1084000000.0,1606000000.0,1181000000.0,,57962000000.0,38451000000.0,32876000000.0,36388000000.0,37994000000.0,0.0,,-14254000000.0,-14254000000.0,-14862000000.0,1931000000.0,601000000.0,8589000000.0,-1829000000.0,6760000000.0,1981000000.0,-2882000000.0,,-14124000000.0,-14124000000.0,223000000.0,-2370000000.0,9667000000.0,-867000000.0,2023-01-31,208.25,194.2343292236328
LOW,2022-01-31,2022,"Lowe's Companies, Inc.",Consumer Cyclical,Home Improvement Retail,NYQ,USD,194.56,109158670336,150043082752,561054019,9176642,3.09,0.0182,0.0010800001,0.81347,-13.257,13.02812,,,,,,,,,,,,,,,,,,,,,,,,,,,,,,,,,,,,,,,,,,,,,,,,,,,,,,,2022-01-31,237.35000610351562,216.93536376953125
MCD,2025-12-31,2025,McDonald's Corporation,Consumer Cyclical,Restaurants,NYQ,USD,252.91,178969624576,235992612864,707641531,12284728,2.7,0.0194,0.0025600002,0.76341003,-1.446,13.97723,26885000000.0,11451000000.0,15434000000.0,12479000000.0,12394000000.0,14678000000.0,8746094337.891163,10897000000.0,2334000000.0,0.214187,8563000000.0,8563000000.0,2583000000.0,1582000000.0,710600000.0,716400000.0,12.05038,11.95,59515000000.0,4163000000.0,774000000.0,774000000.0,2466000000.0,61000000.0,42847000000.0,4361000000.0,,694000000.0,250000000.0,,61306000000.0,56945000000.0,39973000000.0,54120000000.0,54814000000.0,0.0,,-1790000000.0,-1790000000.0,70282000000.0,-198000000.0,710600000.0,10551000000.0,-3365000000.0,7186000000.0,2199000000.0,106000000.0,,-2056000000.0,-2056000000.0,165000000.0,-5115000000.0,4724000000.0,-4802000000.0,2025-12-31,305.6300048828125,299.7541198730469
MCD,2024-12-31,2024,McDonald's Corporation,Consumer Cyclical,Restaurants,NYQ,USD,252.91,178969624576,235992612864,707641531,12284728,2.7,0.0194,0.0025600002,0.76341003,-1.446,13.97723,25920000000.0,11210000000.0,14710000000.0,11851000000.0,11851000000.0,13948000000.0,8463876945.384244,10345000000.0,2121000000.0,0.205027,8223000000.0,8224000000.0,2412000000.0,1506000000.0,715200000.0,721900000.0,11.497483,11.39,55182000000.0,4599000000.0,1085000000.0,1085000000.0,2383000000.0,56000000.0,38634000000.0,3861000000.0,,636000000.0,361000000.0,,58979000000.0,55118000000.0,38424000000.0,51312000000.0,51948000000.0,0.0,,-3796000000.0,-3796000000.0,66834000000.0,738000000.0,715200000.0,9447000000.0,-2775000000.0,6672000000.0,2097000000.0,-438000000.0,,-2824000000.0,-2824000000.0,172000000.0,-4870000000.0,2380000000.0,-2777000000.0,2024-12-31,289.8900146484375,277.8362731933594
MCD,2023-12-31,2023,McDonald's Corporation,Consumer Cyclical,Restaurants,NYQ,USD,252.91,178969624576,235992612864,707641531,12284728,2.7,0.0194,0.0025600002,0.76341003,-1.446,13.97723,25495000000.0,10931000000.0,14564000000.0,11883000000.0,11747000000.0,13861000000.0,8656565000.0,10522000000.0,2053000000.0,0.195,8469000000.0,8469000000.0,2435000000.0,1361000000.0,722700000.0,732300000.0,11.718279,11.56,56147000000.0,7986000000.0,4579000000.0,4579000000.0,2488000000.0,53000000.0,38421000000.0,6859000000.0,2192000000.0,2880000000.0,705000000.0,,60854000000.0,53995000000.0,37153000000.0,50211000000.0,53091000000.0,0.0,,-4706000000.0,-4706000000.0,63480000000.0,1127000000.0,722700000.0,9612000000.0,-2357000000.0,7255000000.0,1978000000.0,-108000000.0,,-3054000000.0,-3054000000.0,175000000.0,-4533000000.0,5221000000.0,-2441000000.0,2023-12-29,296.510009765625,277.457275390625
MCD,2022-12-31,2022,McDonald's Corporation,Consumer Cyclical,Restaurants,NYQ,USD,252.91,178969624576,235992612864,707641531,12284728,2.7,0.0194,0.0025600002,0.76341003,-1.446,13.97723,23182000000.0,9975000000.0,13207000000.0,9032000000.0,10345000000.0,10903000000.0,6928917000.0,7825000000.0,1648000000.0,0.211,6177000000.0,6177000000.0,2492000000.0,1207000000.0,731300000.0,741300000.0,8.447149,8.33,50435600000.0,5424200000.0,2583800000.0,2583800000.0,2115000000.0,52000000.0,36339300000.0,3802100000.0,,661100000.0,274900000.0,,56439000000.0,52636900000.0,35903500000.0,48037900000.0,48699000000.0,0.0,,-6003400000.0,-6003400000.0,59543900000.0,1622100000.0,731300000.0,7387000000.0,-1899000000.0,5488000000.0,1871000000.0,-645000000.0,,-3896000000.0,-3896000000.0,167000000.0,-4168000000.0,3374000000.0,-2202000000.0,2022-12-30,263.5299987792969,241.13717651367188
MCD,2021-12-31,2021,McDonald's Corporation,Consumer Cyclical,Restaurants,NYQ,USD,252.91,178969624576,235992612864,707641531,12284728,2.7,0.0194,0.0025600002,0.76341003,-1.446,13.97723,,,,,,,,,,,,,,,,,,,,,,,,,,,,,,,,,,,,,,,,,,,,,,,,,,,,,,,2021-12-31,268.07000732421875,239.91802978515625
MO,2025-12-31,2025,"Altria Group, Inc.",Consumer Defensive,Tobacco,NYQ,USD,69.81,116564811776,140160614400,1669743926,41579040,4.37,0.0249,0.00117,0.65166,-1.598,5.86403,20139000000.0,5597000000.0,14542000000.0,10566000000.0,12035000000.0,10832000000.0,8527444349.771009,9389000000.0,2442000000.0,0.260092,6947000000.0,6947000000.0,2507000000.0,1177000000.0,1683000000.0,1683000000.0,4.12,4.12,35017000000.0,5932000000.0,4474000000.0,4474000000.0,263000000.0,1070000000.0,1710000000.0,9154000000.0,1569000000.0,1569000000.0,,,38469000000.0,29315000000.0,24140000000.0,24140000000.0,25709000000.0,,50000000.0,-3502000000.0,-3502000000.0,35452000000.0,-3222000000.0,1674318297.0,9290000000.0,-216000000.0,9074000000.0,266000000.0,76000000.0,,-1000000000.0,-1000000000.0,,-6960000000.0,1992000000.0,-1607000000.0,2025-12-31,57.65999984741211,55.874168395996094
MO,2024-12-31,2024,"Altria Group, Inc.",Consumer Defensive,Tobacco,NYQ,USD,69.81,116564811776,140160614400,1669743926,41579040,4.37,0.0249,0.00117,0.65166,-1.598,5.86403,20444000000.0,6077000000.0,14367000000.0,14782000000.0,11630000000.0,15068000000.0,9358076438.717236,13658000000.0,2394000000.0,0.175282,11264000000.0,11264000000.0,2737000000.0,1124000000.0,1722324159.0,1722324159.0,6.54,6.54,35177000000.0,4513000000.0,3127000000.0,3127000000.0,177000000.0,1080000000.0,1617000000.0,8781000000.0,1527000000.0,1527000000.0,,,37365000000.0,28584000000.0,23399000000.0,23399000000.0,24926000000.0,,50000000.0,-2238000000.0,-2238000000.0,35516000000.0,-4268000000.0,1690651867.0,8753000000.0,-142000000.0,8611000000.0,286000000.0,151000000.0,,-3400000000.0,-3400000000.0,,-6845000000.0,0.0,-1121000000.0,2024-12-31,52.290000915527344,47.28172302246094
MO,2023-12-31,2023,"Altria Group, Inc.",Consumer Defensive,Tobacco,NYQ,USD,69.81,116564811776,140160614400,1669743926,41579040,4.37,0.0249,0.00117,0.65166,-1.598,5.86403,20502000000.0,6218000000.0,14284000000.0,12077000000.0,11547000000.0,12349000000.0,8130000000.0,10928000000.0,2798000000.0,0.256,8130000000.0,8130000000.0,2737000000.0,1149000000.0,1763461775.0,1777000000.0,4.61025,4.57,38570000000.0,5585000000.0,3686000000.0,3686000000.0,71000000.0,1215000000.0,1652000000.0,11319000000.0,1121000000.0,1121000000.0,,,42060000000.0,30741000000.0,25112000000.0,25112000000.0,26233000000.0,,50000000.0,-3540000000.0,-3540000000.0,31094000000.0,-5734000000.0,1763461775.0,9287000000.0,-196000000.0,9091000000.0,272000000.0,-47000000.0,,-1000000000.0,-1000000000.0,,-6779000000.0,2998000000.0,-3566000000.0,2023-12-29,40.34000015258789,33.590965270996094
MO,2022-12-31,2022,"Altria Group, Inc.",Consumer Defensive,Tobacco,NYQ,USD,69.81,116564811776,140160614400,1669743926,41579040,4.37,0.0249,0.00117,0.65166,-1.598,5.86403,20688000000.0,6442000000.0,14246000000.0,8517000000.0,11919000000.0,8743000000.0,5764000000.0,7389000000.0,1625000000.0,0.22,5764000000.0,5764000000.0,2327000000.0,1128000000.0,1804000000.0,1804000000.0,3.19,3.19,36954000000.0,7220000000.0,4030000000.0,4030000000.0,1721000000.0,1180000000.0,1608000000.0,8616000000.0,1556000000.0,1556000000.0,,,40877000000.0,32261000000.0,25124000000.0,25124000000.0,26680000000.0,,50000000.0,-3973000000.0,-3973000000.0,29792000000.0,-1396000000.0,1785534122.0,8256000000.0,-205000000.0,8051000000.0,226000000.0,-586000000.0,,-1825000000.0,-1825000000.0,,-6599000000.0,0.0,-1105000000.0,2022-12-30,45.709999084472656,34.88058853149414
MO,2021-12-31,2021,"Altria Group, Inc.",Consumer Defensive,Tobacco,NYQ,USD,69.81,116564811776,140160614400,1669743926,41579040,4.37,0.0249,0.00117,0.65166,-1.598,5.86403,,,,,,,,,,,,,,,,,,,,,,,,,,,,,,,,,,,,,,,,,,,,,,,,,,,,,,,2021-12-31,47.38999938964844,33.4193000793457
MRK,2025-12-31,2025,"Merck & Co., Inc.",Healthcare,Drug Manufacturers - General,NYQ,USD,143.79,354754592768,404190822400,2467171638,30287347,2.74,0.0123000005,0.00056,0.8305,16.986,9.55054,65011000000.0,16382000000.0,48629000000.0,22424000000.0,22107000000.0,28262000000.0,18985664309.10903,21067000000.0,2804000000.0,0.133099,18254000000.0,18263000000.0,10733000000.0,1357000000.0,2474626766.0,2507000000.0,7.376466,7.28,136866000000.0,43516000000.0,14565000000.0,14565000000.0,11775000000.0,6658000000.0,25316000000.0,28327000000.0,2589000000.0,2589000000.0,4726000000.0,,84204000000.0,55877000000.0,46750000000.0,46750000000.0,49339000000.0,,56000000.0,52606000000.0,52606000000.0,73075000000.0,15189000000.0,2474626766.0,16472000000.0,-4112000000.0,12360000000.0,5838000000.0,-6976000000.0,,-5084000000.0,-5084000000.0,820000000.0,-8176000000.0,13880000000.0,-2503000000.0,2025-12-31,105.26000213623047,103.74008178710938
MRK,2024-12-31,2024,"Merck & Co., Inc.",Healthcare,Drug Manufacturers - General,NYQ,USD,143.79,354754592768,404190822400,2467171638,30287347,2.74,0.0123000005,0.00056,0.8305,16.986,9.55054,64168000000.0,15193000000.0,48975000000.0,21207000000.0,20221000000.0,25706000000.0,17565606841.894062,19936000000.0,2803000000.0,0.1406,17117000000.0,17133000000.0,10816000000.0,1271000000.0,2527637335.0,2541000000.0,6.771937,6.74,117106000000.0,38782000000.0,13242000000.0,13689000000.0,10278000000.0,6109000000.0,23779000000.0,28420000000.0,2649000000.0,2649000000.0,3914000000.0,,70734000000.0,42314000000.0,34462000000.0,34462000000.0,37111000000.0,,59000000.0,46313000000.0,46313000000.0,63069000000.0,10362000000.0,2527637335.0,21468000000.0,-3372000000.0,18096000000.0,4499000000.0,-3667000000.0,,-1306000000.0,-1306000000.0,761000000.0,-7840000000.0,3599000000.0,-1290000000.0,2024-12-31,99.4800033569336,94.49122619628906
MRK,2023-12-31,2023,"Merck & Co., Inc.",Healthcare,Drug Manufacturers - General,NYQ,USD,143.79,354754592768,404190822400,2467171638,30287347,2.74,0.0123000005,0.00056,0.8305,16.986,9.55054,60115000000.0,16126000000.0,43989000000.0,3035000000.0,2954000000.0,6907000000.0,861910000.0,1889000000.0,1512000000.0,0.21,365000000.0,377000000.0,10504000000.0,1146000000.0,2607142857.0,2607142857.0,0.14,0.14,106675000000.0,32168000000.0,6841000000.0,7093000000.0,10349000000.0,6358000000.0,23051000000.0,25694000000.0,1372000000.0,1372000000.0,2649000000.0,,69040000000.0,43346000000.0,33683000000.0,33683000000.0,35055000000.0,,54000000.0,37581000000.0,37581000000.0,53895000000.0,6474000000.0,2531633273.0,13006000000.0,-3863000000.0,9143000000.0,3872000000.0,-2205000000.0,,-1346000000.0,-1346000000.0,645000000.0,-7445000000.0,5939000000.0,-1755000000.0,2023-12-29,109.0199966430664,100.80145263671875
MRK,2022-12-31,2022,"Merck & Co., Inc.",Healthcare,Drug Manufacturers - General,NYQ,USD,143.79,354754592768,404190822400,2467171638,30287347,2.74,0.0123000005,0.00056,0.8305,16.986,9.55054,59283000000.0,17411000000.0,41872000000.0,17406000000.0,18282000000.0,21315000000.0,16278819000.0,16444000000.0,1918000000.0,0.117,14519000000.0,14526000000.0,10042000000.0,962000000.0,2532000000.0,2542000000.0,5.73,5.71,109160000000.0,35722000000.0,12694000000.0,13192000000.0,9450000000.0,5911000000.0,21422000000.0,24239000000.0,1946000000.0,1946000000.0,1986000000.0,,63102000000.0,38863000000.0,28745000000.0,28745000000.0,30691000000.0,,67000000.0,45991000000.0,45991000000.0,61081000000.0,11483000000.0,2537833884.0,19095000000.0,-4388000000.0,14707000000.0,3909000000.0,-2782000000.0,,0.0,0.0,541000000.0,-7012000000.0,0.0,-2251000000.0,2022-12-30,110.94999694824219,99.79367065429688
MRK,2021-12-31,2021,"Merck & Co., Inc.",Healthcare,Drug Manufacturers - General,NYQ,USD,143.79,354754592768,404190822400,2467171638,30287347,2.74,0.0123000005,0.00056,0.8305,16.986,9.55054,,,,,,,,,,,,,,,,,,,,,,,,,,,,,,,,,,,,,,,,,,,,,,,,,,,,,,,2021-12-31,76.63999938964844,66.78672790527344
MS,2025-12-31,2025,Morgan Stanley,Financial Services,Capital Markets,NYQ,USD,206.25,323929309184,203728584704,1570566292,8214,0.0,0.0,0.24410999,0.63207,67.801,13.64237,65966000000.0,,,,,,16972669855.151682,21954000000.0,4929000000.0,0.224515,16861000000.0,17025000000.0,30245000000.0,49017000000.0,1574000000.0,1592000000.0,10.32,10.21,1420270000000.0,,81310000000.0,,114720000000.0,,20000000.0,,21146000000.0,21146000000.0,,,1307618000000.0,,349392000000.0,349392000000.0,370538000000.0,9750000000.0,1020000000.0,111632000000.0,101882000000.0,115091000000.0,,1582834137.0,-17889000000.0,-2898000000.0,-20787000000.0,4658000000.0,-42816000000.0,0.0,-5835000000.0,-5835000000.0,1926000000.0,-6593000000.0,139169000000.0,-99393000000.0,2025-12-31,177.52999877929688,174.6515350341797
MS,2024-12-31,2024,Morgan Stanley,Financial Services,Capital Markets,NYQ,USD,206.25,323929309184,203728584704,1570566292,8214,0.0,0.0,0.24410999,0.63207,67.801,13.64237,57621000000.0,,,,,,13390000000.0,17596000000.0,4067000000.0,0.231132,13390000000.0,13529000000.0,27143000000.0,45524000000.0,1591000000.0,1611000000.0,8.04,7.95,1215071000000.0,,75743000000.0,,86158000000.0,,23000000.0,,21645000000.0,21645000000.0,,,1109643000000.0,,288776000000.0,288776000000.0,310421000000.0,9750000000.0,917000000.0,104511000000.0,94761000000.0,104989000000.0,,1606653706.0,1362000000.0,-3462000000.0,-2100000000.0,5161000000.0,-19370000000.0,995000000.0,-4199000000.0,-4199000000.0,1622000000.0,-6138000000.0,108365000000.0,-80230000000.0,2024-12-31,125.72000122070312,120.31269073486328
MS,2023-12-31,2023,Morgan Stanley,Financial Services,Capital Markets,NYQ,USD,206.25,323929309184,203728584704,1570566292,8214,0.0,0.0,0.24410999,0.63207,67.801,13.64237,50667000000.0,,,,,,9087000000.0,11813000000.0,2583000000.0,0.219,9087000000.0,9230000000.0,25456000000.0,37619000000.0,1628000000.0,1646000000.0,5.24,5.18,1193693000000.0,,58661000000.0,,80105000000.0,,23000000.0,,8920000000.0,8920000000.0,,,1093711000000.0,,267467000000.0,267467000000.0,276387000000.0,8750000000.0,944000000.0,99038000000.0,90288000000.0,97996000000.0,,1626828437.0,-33536000000.0,-3412000000.0,-36948000000.0,4256000000.0,-49108000000.0,0.0,-6178000000.0,-6178000000.0,1709000000.0,-5763000000.0,78424000000.0,-64805000000.0,2023-12-29,93.25,86.10296630859375
MS,2022-12-31,2022,Morgan Stanley,Financial Services,Capital Markets,NYQ,USD,206.25,323929309184,203728584704,1570566292,8214,0.0,0.0,0.24410999,0.63207,67.801,13.64237,50210000000.0,,,,,,11029000000.0,14089000000.0,2910000000.0,0.207,11029000000.0,11179000000.0,23958000000.0,12268000000.0,1691000000.0,1713000000.0,6.23,6.15,1180231000000.0,,92747000000.0,,78540000000.0,,4000000.0,,5135000000.0,5135000000.0,,,1079000000000.0,,241081000000.0,241081000000.0,246216000000.0,8750000000.0,1090000000.0,100141000000.0,91391000000.0,94862000000.0,,1675000000.0,-6397000000.0,-3078000000.0,-9475000000.0,3998000000.0,-23498000000.0,994000000.0,-10871000000.0,-10871000000.0,1875000000.0,-5401000000.0,72460000000.0,-34898000000.0,2022-12-30,85.0199966430664,75.57575225830078
MS,2021-12-31,2021,Morgan Stanley,Financial Services,Capital Markets,NYQ,USD,206.25,323929309184,203728584704,1570566292,8214,0.0,0.0,0.24410999,0.63207,67.801,13.64237,,,,,,,,,,,,,,,,,,,,,,,,,,,,,,,,,,,,,,,,,,,,,,,,,,,,,,,2021-12-31,98.16000366210938,84.2900619506836
MSFT,2026-06-30,2026,Microsoft Corporation,Technology,Software - Infrastructure,NMS,USD,497.12,3691387289600,3804915040256,7425545491,74451155,2.49,0.01,0.00091,0.75792,59.565,23.59268,331839000000.0,106374000000.0,225465000000.0,168985000000.0,155237000000.0,207519000000.0,129134650000.0,165934000000.0,32185000000.0,0.194,133749000000.0,133749000000.0,34666000000.0,3051000000.0,7429000000.0,7453000000.0,18.0,17.95,758376000000.0,207710000000.0,20935000000.0,76651000000.0,80876000000.0,1397000000.0,337253000000.0,168825000000.0,9227000000.0,9227000000.0,2534000000.0,,315989000000.0,147164000000.0,31067000000.0,47599000000.0,56826000000.0,,,442387000000.0,442387000000.0,328265000000.0,38885000000.0,7427000000.0,182935000000.0,-115948000000.0,66987000000.0,38534000000.0,-4895000000.0,2009000000.0,-22271000000.0,-20262000000.0,12405000000.0,-26445000000.0,0.0,-3000000000.0,2026-06-30,373.0199890136719,372.319091796875
MSFT,2025-06-30,2025,Microsoft Corporation,Technology,Software - Infrastructure,NMS,USD,497.12,3691387289600,3804915040256,7425545491,74451155,2.49,0.01,0.00091,0.75792,59.565,23.59268,281724000000.0,87831000000.0,193893000000.0,126012000000.0,128528000000.0,155445000000.0,102192782159.23706,123627000000.0,21795000000.0,0.176296,101832000000.0,101832000000.0,32877000000.0,2385000000.0,7433000000.0,7465000000.0,13.7,13.64,619003000000.0,191131000000.0,30242000000.0,94555000000.0,69905000000.0,938000000.0,229789000000.0,141218000000.0,2999000000.0,2999000000.0,7211000000.0,,275524000000.0,134306000000.0,40152000000.0,57589000000.0,60588000000.0,,,343479000000.0,343479000000.0,237731000000.0,49913000000.0,7434158655.0,136162000000.0,-64551000000.0,71611000000.0,29433000000.0,-5350000000.0,2056000000.0,-18420000000.0,-16364000000.0,11974000000.0,-24082000000.0,0.0,-3216000000.0,2025-06-30,497.4100036621094,492.5411682128906
MSFT,2024-06-30,2024,Microsoft Corporation,Technology,Software - Infrastructure,NMS,USD,497.12,3691387289600,3804915040256,7425545491,74451155,2.49,0.01,0.00091,0.75792,59.565,23.59268,245122000000.0,74114000000.0,171008000000.0,110722000000.0,109433000000.0,131680000000.0,88584910016.97794,107787000000.0,19651000000.0,0.182313,88136000000.0,88136000000.0,32065000000.0,2935000000.0,7431000000.0,7469000000.0,11.86,11.8,512163000000.0,159734000000.0,18315000000.0,75531000000.0,56924000000.0,1246000000.0,154552000000.0,125286000000.0,8942000000.0,8942000000.0,5017000000.0,,243686000000.0,118400000000.0,42688000000.0,58185000000.0,67127000000.0,,,268477000000.0,268477000000.0,173144000000.0,34448000000.0,7434138859.0,118548000000.0,-44477000000.0,74071000000.0,20958000000.0,1824000000.0,2002000000.0,-17254000000.0,-15252000000.0,10734000000.0,-21771000000.0,24395000000.0,-29070000000.0,2024-06-28,446.95001220703125,439.20770263671875
MSFT,2023-06-30,2023,Microsoft Corporation,Technology,Software - Infrastructure,NMS,USD,497.12,3691387289600,3804915040256,7425545491,74451155,2.49,0.01,0.00091,0.75792,59.565,23.59268,211915000000.0,65863000000.0,146052000000.0,91279000000.0,88523000000.0,105140000000.0,72373150000.0,89311000000.0,16950000000.0,0.19,72361000000.0,72361000000.0,30334000000.0,1968000000.0,7446000000.0,7472000000.0,9.72,9.68,411976000000.0,184257000000.0,34704000000.0,111256000000.0,48688000000.0,2500000000.0,109987000000.0,104149000000.0,5247000000.0,5247000000.0,4152000000.0,,205753000000.0,101604000000.0,41990000000.0,54718000000.0,59965000000.0,,,206223000000.0,206223000000.0,118848000000.0,80108000000.0,7432000000.0,87582000000.0,-28107000000.0,59475000000.0,13861000000.0,-2388000000.0,1866000000.0,-22245000000.0,-20379000000.0,9611000000.0,-19800000000.0,0.0,-2750000000.0,2023-06-30,340.5400085449219,332.04351806640625
MSFT,2022-06-30,2022,Microsoft Corporation,Technology,Software - Infrastructure,NMS,USD,497.12,3691387289600,3804915040256,7425545491,74451155,2.49,0.01,0.00091,0.75792,59.565,23.59268,,,,,,,,,,,,,,,,,,,,,,,,,,,,,,,,,,,,,,,,,,,,,,,,,,,,,,,2022-06-30,256.8299865722656,248.02464294433594
NEE,2025-12-31,2025,"NextEra Energy, Inc.",Utilities,Utilities - Regulated Electric,NYQ,USD,81.07,169110257664,288628113408,2085978209,7360,0.0,0.0,0.00118,0.87014,27.388,4.39474,27412000000.0,10343000000.0,17069000000.0,9102000000.0,8020000000.0,16043000000.0,6403660000.0,4530000000.0,-802000000.0,0.21,6835000000.0,5332000000.0,,4572000000.0,2083000000.0,2083000000.0,3.281325,3.281325,212721000000.0,13584000000.0,2812000000.0,2812000000.0,4018000000.0,2420000000.0,156197000000.0,22817000000.0,6063000000.0,6063000000.0,,,146242000000.0,123425000000.0,89556000000.0,89556000000.0,95619000000.0,,11871000000.0,54608000000.0,54608000000.0,35102000000.0,-9233000000.0,2083000000.0,12485000000.0,-9274000000.0,3211000000.0,6941000000.0,-373000000.0,2038000000.0,,2038000000.0,,-4680000000.0,26237000000.0,-12514000000.0,2025-12-31,80.27999877929688,78.56571960449219
NEE,2024-12-31,2024,"NextEra Energy, Inc.",Utilities,Utilities - Regulated Electric,NYQ,USD,81.07,169110257664,288628113408,2085978209,7360,0.0,0.0,0.00118,0.87014,27.388,4.39474,24753000000.0,9886000000.0,14867000000.0,8272000000.0,7127000000.0,14033000000.0,6358832000.0,6037000000.0,339000000.0,0.056,6946000000.0,5698000000.0,,2235000000.0,2057000000.0,2059000000.0,3.376762,3.37,190144000000.0,11951000000.0,1487000000.0,1487000000.0,3336000000.0,2214000000.0,138852000000.0,25355000000.0,9948000000.0,9948000000.0,,,129283000000.0,103928000000.0,72385000000.0,72385000000.0,82333000000.0,,10760000000.0,50101000000.0,50101000000.0,32946000000.0,-13404000000.0,2057000000.0,13260000000.0,-8514000000.0,4746000000.0,5761000000.0,160000000.0,48000000.0,,48000000.0,,-4235000000.0,31344000000.0,-19706000000.0,2024-12-31,71.69000244140625,68.03684997558594
NEE,2023-12-31,2023,"NextEra Energy, Inc.",Utilities,Utilities - Regulated Electric,NYQ,USD,81.07,169110257664,288628113408,2085978209,7360,0.0,0.0,0.00118,0.87014,27.388,4.39474,28114000000.0,10138000000.0,17976000000.0,10612000000.0,9832000000.0,16763000000.0,6716082000.0,7288000000.0,1006000000.0,0.138,7310000000.0,6282000000.0,,3324000000.0,2030555556.0,2031000000.0,3.6,3.599212,177489000000.0,15361000000.0,2690000000.0,2690000000.0,3609000000.0,2106000000.0,125776000000.0,27963000000.0,11806000000.0,11806000000.0,,,118465000000.0,90502000000.0,61405000000.0,61405000000.0,73211000000.0,,11556000000.0,47468000000.0,47468000000.0,30235000000.0,-12602000000.0,2052000000.0,11301000000.0,-9548000000.0,1753000000.0,6151000000.0,-1393000000.0,4514000000.0,,4514000000.0,,-3782000000.0,18778000000.0,-10591000000.0,2023-12-29,60.7400016784668,56.01374435424805
NEE,2022-12-31,2022,"NextEra Energy, Inc.",Utilities,Utilities - Regulated Electric,NYQ,USD,81.07,169110257664,288628113408,2085978209,7360,0.0,0.0,0.00118,0.87014,27.388,4.39474,20956000000.0,10817000000.0,10139000000.0,4417000000.0,3559000000.0,9207000000.0,4027573000.0,3832000000.0,586000000.0,0.153,4147000000.0,3246000000.0,,585000000.0,1987000000.0,1987000000.0,2.087066,2.087066,158935000000.0,13490000000.0,1601000000.0,1601000000.0,4349000000.0,1934000000.0,111059000000.0,26695000000.0,9710000000.0,9710000000.0,,,109499000000.0,82804000000.0,55256000000.0,55256000000.0,64966000000.0,,10207000000.0,39229000000.0,39229000000.0,26707000000.0,-13205000000.0,1987000000.0,8262000000.0,-9742000000.0,-1480000000.0,4790000000.0,412000000.0,1514000000.0,,1514000000.0,,-3352000000.0,15938000000.0,-5650000000.0,2022-12-30,83.5999984741211,74.97792053222656
NEE,2021-12-31,2021,"NextEra Energy, Inc.",Utilities,Utilities - Regulated Electric,NYQ,USD,81.07,169110257664,288628113408,2085978209,7360,0.0,0.0,0.00118,0.87014,27.388,4.39474,,,,,,,,,,,,,,,,,,,,,,,,,,,,,,,,,,,,,,,,,,,,,,,,,,,,,,,2021-12-31,93.36000061035156,81.9825668334961
NKE,2026-05-31,2026,"NIKE, Inc.",Consumer Cyclical,Footwear & Accessories,NYQ,USD,36.215,53724909568,56979628032,1202110951,75594334,2.79,0.0792,0.01953,0.82563,10.024,2.28875,46398000000.0,26487000000.0,19911000000.0,3797000000.0,3797000000.0,4594000000.0,3108000000.0,3900000000.0,792000000.0,0.203077,3108000000.0,3108000000.0,16114000000.0,,1479800000.0,1481000000.0,2.1,2.1,38410000000.0,24603000000.0,7563000000.0,9027000000.0,5931000000.0,7501000000.0,7634000000.0,12547000000.0,2000000000.0,2478000000.0,377000000.0,,23545000000.0,10998000000.0,5942000000.0,8555000000.0,11033000000.0,,,14865000000.0,14865000000.0,-155000000.0,12056000000.0,1483498703.0,2868000000.0,-684000000.0,2184000000.0,797000000.0,-1678000000.0,,-146000000.0,-146000000.0,715000000.0,-2407000000.0,,0.0,2026-05-29,46.22999954223633,45.33904266357422
NKE,2025-05-31,2025,"NIKE, Inc.",Consumer Cyclical,Footwear & Accessories,NYQ,USD,36.215,53724909568,56979628032,1202110951,75594334,2.79,0.0792,0.01953,0.82563,10.024,2.28875,46309000000.0,26519000000.0,19790000000.0,3702000000.0,3702000000.0,4510000000.0,3219000000.0,3885000000.0,666000000.0,0.171429,3219000000.0,3219000000.0,16088000000.0,,1484900000.0,1487600000.0,2.17,2.16,36579000000.0,23362000000.0,7464000000.0,9151000000.0,4717000000.0,7489000000.0,7540000000.0,10566000000.0,5000000.0,502000000.0,669000000.0,,23366000000.0,12800000000.0,7961000000.0,10511000000.0,11013000000.0,,,13213000000.0,13213000000.0,-727000000.0,12796000000.0,1476000000.0,3698000000.0,-430000000.0,3268000000.0,808000000.0,-787000000.0,,-2985000000.0,-2985000000.0,709000000.0,-2300000000.0,,-1000000000.0,2025-05-30,60.59000015258789,57.9675178527832
NKE,2024-05-31,2024,"NIKE, Inc.",Consumer Cyclical,Footwear & Accessories,NYQ,USD,36.215,53724909568,56979628032,1202110951,75594334,2.79,0.0792,0.01953,0.82563,10.024,2.28875,51362000000.0,28475000000.0,22887000000.0,6311000000.0,6311000000.0,7155000000.0,5700000000.0,6700000000.0,1000000000.0,0.149,5700000000.0,5700000000.0,16576000000.0,,1517600000.0,1529700000.0,3.76,3.73,38110000000.0,25382000000.0,9860000000.0,11582000000.0,4427000000.0,7519000000.0,7718000000.0,10593000000.0,1006000000.0,1483000000.0,534000000.0,,23680000000.0,13087000000.0,7903000000.0,10469000000.0,11952000000.0,,,14430000000.0,14430000000.0,965000000.0,14789000000.0,1503000000.0,7429000000.0,-812000000.0,6617000000.0,844000000.0,716000000.0,,-4250000000.0,-4250000000.0,804000000.0,-2169000000.0,,0.0,2024-05-31,95.05000305175781,89.27001190185547
NKE,2023-05-31,2023,"NIKE, Inc.",Consumer Cyclical,Footwear & Accessories,NYQ,USD,36.215,53724909568,56979628032,1202110951,75594334,2.79,0.0792,0.01953,0.82563,10.024,2.28875,51217000000.0,28925000000.0,22292000000.0,5915000000.0,5915000000.0,6774000000.0,5070000000.0,6201000000.0,1131000000.0,0.182,5070000000.0,5070000000.0,16377000000.0,,1551600000.0,1569800000.0,3.27,3.23,37531000000.0,25202000000.0,7441000000.0,10675000000.0,4131000000.0,8454000000.0,8004000000.0,9256000000.0,6000000.0,431000000.0,240000000.0,,23527000000.0,14271000000.0,8927000000.0,11713000000.0,12144000000.0,,,14004000000.0,14004000000.0,1358000000.0,15946000000.0,1532000000.0,5841000000.0,-969000000.0,4872000000.0,859000000.0,-513000000.0,,-5480000000.0,-5480000000.0,755000000.0,-2012000000.0,,-500000000.0,2023-05-31,105.26000213623047,97.52742004394531
NKE,2022-05-31,2022,"NIKE, Inc.",Consumer Cyclical,Footwear & Accessories,NYQ,USD,36.215,53724909568,56979628032,1202110951,75594334,2.79,0.0792,0.01953,0.82563,10.024,2.28875,,,,,,,,,,,,,,,,,,,,,,,,,,,,,,,,,,,,,,,,,,,,,,,,,,,,,0.0,,2022-05-31,118.8499984741211,108.88668060302734
NVDA,2026-01-31,2026,NVIDIA Corporation,Technology,Semiconductors,NMS,USD,212.17,5123268935680,5060526866432,24147000000,298301619,2.33,0.0128999995,0.04008,0.71410006,9.483,15.61489,215938000000.0,62475000000.0,153463000000.0,141709000000.0,130387000000.0,144552000000.0,120067000000.0,141450000000.0,21383000000.0,0.15117,120067000000.0,120067000000.0,4579000000.0,259000000.0,24359000000.0,24514000000.0,4.93,4.9,206803000000.0,125605000000.0,10605000000.0,62556000000.0,38466000000.0,21403000000.0,13250000000.0,32163000000.0,999000000.0,999000000.0,,,,17347000000.0,7469000000.0,10041000000.0,11040000000.0,0.0,,157293000000.0,157293000000.0,146973000000.0,93442000000.0,24304000000.0,102718000000.0,-6042000000.0,96676000000.0,2843000000.0,-15949000000.0,,-40086000000.0,-40086000000.0,6386000000.0,-974000000.0,,0.0,2026-01-30,191.1300048828125,190.68380737304688
NVDA,2025-01-31,2025,NVIDIA Corporation,Technology,Semiconductors,NMS,USD,212.17,5123268935680,5060526866432,24147000000,298301619,2.33,0.0128999995,0.04008,0.71410006,9.483,15.61489,130497000000.0,32639000000.0,97858000000.0,84273000000.0,81453000000.0,86137000000.0,72880000000.0,84026000000.0,11146000000.0,0.132649,72880000000.0,72880000000.0,3491000000.0,247000000.0,24555000000.0,24804000000.0,2.97,2.94,111601000000.0,80126000000.0,8589000000.0,43210000000.0,23065000000.0,10080000000.0,8076000000.0,18047000000.0,,288000000.0,,,,14227000000.0,8463000000.0,9982000000.0,9982000000.0,0.0,,79327000000.0,79327000000.0,68038000000.0,62079000000.0,24477000000.0,64089000000.0,-3236000000.0,60853000000.0,1864000000.0,-9383000000.0,,-33706000000.0,-33706000000.0,4737000000.0,-834000000.0,,-1250000000.0,2025-01-31,120.06999969482422,119.7569351196289
NVDA,2024-01-31,2024,NVIDIA Corporation,Technology,Semiconductors,NMS,USD,212.17,5123268935680,5060526866432,24147000000,298301619,2.33,0.0128999995,0.04008,0.71410006,9.483,15.61489,60922000000.0,16621000000.0,44301000000.0,34075000000.0,32972000000.0,35583000000.0,29760000000.0,33818000000.0,4058000000.0,0.12,29760000000.0,29760000000.0,2654000000.0,257000000.0,24690000000.0,24940000000.0,1.21,1.19,65728000000.0,44345000000.0,7280000000.0,25984000000.0,9999000000.0,5282000000.0,5260000000.0,10631000000.0,1250000000.0,1478000000.0,,,,12119000000.0,8459000000.0,9578000000.0,11056000000.0,0.0,,42978000000.0,42978000000.0,29817000000.0,33714000000.0,24640000000.0,28090000000.0,-1069000000.0,27021000000.0,1508000000.0,-3722000000.0,,-9533000000.0,-9533000000.0,3549000000.0,-395000000.0,0.0,-1250000000.0,2024-01-31,61.527000427246094,61.349185943603516
NVDA,2023-01-31,2023,NVIDIA Corporation,Technology,Semiconductors,NMS,USD,212.17,5123268935680,5060526866432,24147000000,298301619,2.33,0.0128999995,0.04008,0.71410006,9.483,15.61489,26974000000.0,11618000000.0,15356000000.0,4443000000.0,5577000000.0,5986000000.0,5436870000.0,4181000000.0,-187000000.0,0.21,4368000000.0,4368000000.0,2440000000.0,262000000.0,24870000000.0,25070000000.0,0.176,0.174,41182000000.0,23073000000.0,3389000000.0,13296000000.0,3827000000.0,5159000000.0,4845000000.0,6563000000.0,1250000000.0,1426000000.0,,,,12518000000.0,9703000000.0,10605000000.0,12031000000.0,0.0,,22101000000.0,22101000000.0,10171000000.0,16510000000.0,24661365720.0,5641000000.0,-1833000000.0,3808000000.0,1543000000.0,-2207000000.0,,-10039000000.0,-10039000000.0,2709000000.0,-398000000.0,0.0,0.0,2023-01-31,19.53700065612793,19.47189712524414
NVDA,2022-01-31,2022,NVIDIA Corporation,Technology,Semiconductors,NMS,USD,212.17,5123268935680,5060526866432,24147000000,298301619,2.33,0.0128999995,0.04008,0.71410006,9.483,15.61489,,,,,,,,,,,,,,,,,,,,,,,,,,,,,,,,,,,,,,,,,,,,,,,,,,,,,4977000000.0,,2022-01-31,24.486000061035156,24.381608963012695
ORCL,2026-05-31,2026,Oracle Corporation,Technology,Software - Infrastructure,NYQ,USD,140.37,404331692032,575250759680,2880471000,44597874,1.77,0.025999999,0.38579,0.43585,13.04,10.98401,67357000000.0,23021000000.0,44336000000.0,24153000000.0,22444000000.0,33447000000.0,16351229620.537996,19554000000.0,2467000000.0,0.126163,17087000000.0,17087000000.0,9949000000.0,4599000000.0,2860000000.0,2914000000.0,5.94,5.83,261759000000.0,46567000000.0,31289000000.0,31894000000.0,10385000000.0,,129647000000.0,41764000000.0,7199000000.0,7199000000.0,,,218703000000.0,176939000000.0,122342000000.0,148990000000.0,156189000000.0,4954000000.0,548000000.0,42508000000.0,37554000000.0,-4309000000.0,4803000000.0,2880000000.0,31977000000.0,-55663000000.0,-23686000000.0,9294000000.0,4135000000.0,6403000000.0,-206000000.0,1243000000.0,4811000000.0,-5787000000.0,49438000000.0,-9227000000.0,2026-05-29,225.77999877929688,224.9972381591797
ORCL,2025-05-31,2025,Oracle Corporation,Technology,Software - Infrastructure,NYQ,USD,140.37,404331692032,575250759680,2880471000,44597874,1.77,0.025999999,0.38579,0.43585,13.04,10.98401,57399000000.0,16927000000.0,40472000000.0,17738000000.0,18052000000.0,23912000000.0,13145115607.344633,14160000000.0,1717000000.0,0.121257,12443000000.0,12443000000.0,10253000000.0,3578000000.0,2789000000.0,2866000000.0,4.46,4.34,168361000000.0,24579000000.0,10786000000.0,11203000000.0,8558000000.0,,56667000000.0,32643000000.0,7271000000.0,7271000000.0,,,147392000000.0,114749000000.0,85297000000.0,96833000000.0,104104000000.0,0.0,518000000.0,20451000000.0,20451000000.0,-15481000000.0,-8064000000.0,2807000000.0,20821000000.0,-21215000000.0,-394000000.0,6174000000.0,-1500000000.0,653000000.0,-1500000000.0,-847000000.0,4674000000.0,-4743000000.0,22859000000.0,-15841000000.0,2025-05-30,165.52999877929688,163.31759643554688
ORCL,2024-05-31,2024,Oracle Corporation,Technology,Software - Infrastructure,NYQ,USD,140.37,404331692032,575250759680,2880471000,44597874,1.77,0.025999999,0.38579,0.43585,13.04,10.98401,52961000000.0,15143000000.0,37818000000.0,15255000000.0,16071000000.0,21394000000.0,11579859000.0,11741000000.0,1274000000.0,0.109,10467000000.0,10467000000.0,9822000000.0,3514000000.0,2744000000.0,2823000000.0,3.82,3.71,140976000000.0,22554000000.0,10454000000.0,10661000000.0,7874000000.0,,21536000000.0,31544000000.0,10605000000.0,10605000000.0,,,131737000000.0,100193000000.0,76264000000.0,82519000000.0,93124000000.0,0.0,535000000.0,8704000000.0,8704000000.0,-22628000000.0,-8990000000.0,2755000000.0,18673000000.0,-6866000000.0,11807000000.0,6139000000.0,-488000000.0,742000000.0,-3242000000.0,-2500000000.0,3974000000.0,-4391000000.0,0.0,-3667000000.0,2024-05-31,117.19000244140625,114.34664154052734
ORCL,2023-05-31,2023,Oracle Corporation,Technology,Software - Infrastructure,NYQ,USD,140.37,404331692032,575250759680,2880471000,44597874,1.77,0.025999999,0.38579,0.43585,13.04,10.98401,49954000000.0,13564000000.0,36390000000.0,12631000000.0,13773000000.0,18739000000.0,9673592000.0,9126000000.0,623000000.0,0.068,8503000000.0,8503000000.0,10412000000.0,3505000000.0,2696000000.0,2766000000.0,3.15,3.07,134384000000.0,21004000000.0,9765000000.0,10187000000.0,6915000000.0,,17069000000.0,23090000000.0,4061000000.0,4061000000.0,,,132828000000.0,109738000000.0,86420000000.0,86420000000.0,90481000000.0,0.0,483000000.0,1073000000.0,1073000000.0,-27620000000.0,-2086000000.0,2713000000.0,17165000000.0,-8695000000.0,8470000000.0,6108000000.0,513000000.0,1192000000.0,-2503000000.0,-1311000000.0,3547000000.0,-3668000000.0,33494000000.0,-21050000000.0,2023-05-31,105.94000244140625,101.90752410888672
ORCL,2022-05-31,2022,Oracle Corporation,Technology,Software - Infrastructure,NYQ,USD,140.37,404331692032,575250759680,2880471000,44597874,1.77,0.025999999,0.38579,0.43585,13.04,10.98401,,,,,,,,,,,,,,,,,,,,,,,,,,,,,,,,,,,,,,,,,,,,,,,,,,,,,,,2022-05-31,71.91999816894531,67.98150634765625
PEP,2025-12-31,2025,"PepsiCo, Inc.",Consumer Defensive,Beverages - Non-Alcoholic,NMS,USD,135.5,185092997120,228759322624,1366000000,21279663,3.19,0.0174,0.00183,0.81491995,16.177,8.97539,93925000000.0,43066000000.0,50859000000.0,11365000000.0,13491000000.0,15543000000.0,9853816380.320187,10244000000.0,1949000000.0,0.190258,8240000000.0,8295000000.0,37368000000.0,1121000000.0,1367340122.0,1373000000.0,6.026299,6.0,107399000000.0,27949000000.0,9159000000.0,9530000000.0,9265000000.0,5845000000.0,33650000000.0,32764000000.0,6861000000.0,7580000000.0,,,86852000000.0,54088000000.0,42321000000.0,42321000000.0,49901000000.0,,141000000.0,20406000000.0,20406000000.0,72788000000.0,-4815000000.0,1367340122.0,12087000000.0,-4415000000.0,7672000000.0,4178000000.0,-1645000000.0,,-1000000000.0,-1000000000.0,288000000.0,-7638000000.0,15750000000.0,-12002000000.0,2025-12-31,143.52000427246094,139.28018188476562
PEP,2024-12-31,2024,"PepsiCo, Inc.",Consumer Defensive,Beverages - Non-Alcoholic,NMS,USD,135.5,185092997120,228759322624,1366000000,21279663,3.19,0.0174,0.00183,0.81491995,16.177,8.97539,91854000000.0,41744000000.0,50110000000.0,12865000000.0,12920000000.0,16680000000.0,9604591160.220995,11946000000.0,2320000000.0,0.194207,9578000000.0,9626000000.0,37190000000.0,919000000.0,1371989025.0,1378000000.0,6.981105,6.95,99467000000.0,25826000000.0,8505000000.0,9266000000.0,8487000000.0,5306000000.0,31391000000.0,31536000000.0,7082000000.0,7724000000.0,,,81296000000.0,49760000000.0,37224000000.0,37224000000.0,44948000000.0,,130000000.0,18041000000.0,18041000000.0,72266000000.0,-5710000000.0,1371989025.0,12507000000.0,-5318000000.0,7189000000.0,3815000000.0,-1478000000.0,,-1000000000.0,-1000000000.0,362000000.0,-7229000000.0,10220000000.0,-9525000000.0,2024-12-31,152.05999755859375,141.89747619628906
PEP,2023-12-31,2023,"PepsiCo, Inc.",Consumer Defensive,Beverages - Non-Alcoholic,NMS,USD,135.5,185092997120,228759322624,1366000000,21279663,3.19,0.0174,0.00183,0.81491995,16.177,8.97539,91471000000.0,41881000000.0,49590000000.0,12236000000.0,12913000000.0,15754000000.0,9817454000.0,11417000000.0,2262000000.0,0.198,9074000000.0,9155000000.0,36677000000.0,819000000.0,1374000000.0,1383000000.0,6.604076,6.56,100495000000.0,26950000000.0,9711000000.0,10003000000.0,8675000000.0,5334000000.0,29944000000.0,31647000000.0,6510000000.0,7066000000.0,,,81858000000.0,50211000000.0,37595000000.0,37595000000.0,44661000000.0,,134000000.0,18503000000.0,18503000000.0,70035000000.0,-4697000000.0,1374000000.0,13442000000.0,-5518000000.0,7924000000.0,3518000000.0,-337000000.0,,-1000000000.0,-1000000000.0,380000000.0,-6682000000.0,10910000000.0,-6140000000.0,2023-12-29,169.83999633789062,153.5713653564453
PEP,2022-12-31,2022,"PepsiCo, Inc.",Consumer Defensive,Beverages - Non-Alcoholic,NMS,USD,135.5,185092997120,228759322624,1366000000,21279663,3.19,0.0174,0.00183,0.81491995,16.177,8.97539,86392000000.0,40576000000.0,45816000000.0,11644000000.0,11357000000.0,14924000000.0,8779955000.0,10705000000.0,1727000000.0,0.161,8910000000.0,8978000000.0,34459000000.0,939000000.0,1377000000.0,1387000000.0,6.470588,6.42,92187000000.0,21539000000.0,4954000000.0,5348000000.0,8192000000.0,5222000000.0,26664000000.0,26785000000.0,3414000000.0,3897000000.0,,,74914000000.0,48129000000.0,35657000000.0,35657000000.0,39554000000.0,,124000000.0,17149000000.0,17149000000.0,67800000000.0,-5246000000.0,1377000000.0,10811000000.0,-5207000000.0,5604000000.0,3280000000.0,-888000000.0,,-1500000000.0,-1500000000.0,343000000.0,-6172000000.0,5346000000.0,-6156000000.0,2022-12-30,180.66000366210938,158.79632568359375
PEP,2021-12-31,2021,"PepsiCo, Inc.",Consumer Defensive,Beverages - Non-Alcoholic,NMS,USD,135.5,185092997120,228759322624,1366000000,21279663,3.19,0.0174,0.00183,0.81491995,16.177,8.97539,,,,,,,,,,,,,,,,,,,,,,,,,,,,,,,,,,,,,,,,,,,,,,,,,,,,,,,2021-12-31,173.7100067138672,148.7087860107422
PFE,2025-12-31,2025,Pfizer Inc.,Healthcare,Drug Manufacturers - General,NYQ,USD,27.54,156969009152,210072944640,5699673589,151537890,3.91,0.026600001,0.00104,0.6912,14.948,2.897,62579000000.0,16067000000.0,46512000000.0,10191000000.0,17407000000.0,16783000000.0,14416416600.0,7520000000.0,-266000000.0,0.2557,7771000000.0,7787000000.0,13794000000.0,2671000000.0,5683000000.0,5713000000.0,1.37,1.36,208160000000.0,42898000000.0,1142000000.0,13596000000.0,11874000000.0,10654000000.0,19317000000.0,36984000000.0,3154000000.0,3154000000.0,3103000000.0,,121385000000.0,84401000000.0,60807000000.0,60807000000.0,63961000000.0,,299000000.0,86476000000.0,86476000000.0,114610000000.0,5914000000.0,5686000000.0,11704000000.0,-2629000000.0,9075000000.0,6592000000.0,-5354000000.0,,,,799000000.0,-9771000000.0,9678000000.0,-9752000000.0,2025-12-31,24.899999618530273,23.67786979675293
PFE,2024-12-31,2024,Pfizer Inc.,Healthcare,Drug Manufacturers - General,NYQ,USD,27.54,156969009152,210072944640,5699673589,151537890,3.91,0.026600001,0.00104,0.6912,14.948,2.897,63627000000.0,17851000000.0,45776000000.0,11114000000.0,14938000000.0,18127000000.0,11429120800.0,8023000000.0,-28000000.0,0.2563,8031000000.0,8051000000.0,14730000000.0,3091000000.0,5664000000.0,5700000000.0,1.42,1.41,213396000000.0,50358000000.0,1043000000.0,20477000000.0,11463000000.0,10851000000.0,18393000000.0,42995000000.0,6946000000.0,6946000000.0,2910000000.0,,124899000000.0,81904000000.0,56703000000.0,56703000000.0,63649000000.0,,294000000.0,88203000000.0,88203000000.0,116725000000.0,7363000000.0,5666990035.0,12744000000.0,-2909000000.0,9835000000.0,7013000000.0,-3066000000.0,,0.0,0.0,877000000.0,-9512000000.0,8907000000.0,-16066000000.0,2024-12-31,26.530000686645508,23.525651931762695
PFE,2023-12-31,2023,Pfizer Inc.,Healthcare,Drug Manufacturers - General,NYQ,USD,27.54,156969009152,210072944640,5699673589,151537890,3.91,0.026600001,0.00104,0.6912,14.948,2.897,59554000000.0,24954000000.0,34600000000.0,3267000000.0,4417000000.0,9557000000.0,5360778100.0,1058000000.0,-1115000000.0,0.2577,2119000000.0,2172000000.0,14771000000.0,2209000000.0,5643000000.0,5709000000.0,0.38,0.37,226501000000.0,43333000000.0,2853000000.0,12690000000.0,11566000000.0,10189000000.0,18940000000.0,47794000000.0,10346000000.0,10346000000.0,2349000000.0,,137213000000.0,89419000000.0,60499000000.0,60499000000.0,70845000000.0,0.0,274000000.0,89014000000.0,89014000000.0,118353000000.0,-4461000000.0,5646000000.0,8700000000.0,-3907000000.0,4793000000.0,6290000000.0,-2172000000.0,,0.0,0.0,525000000.0,-9247000000.0,38517000000.0,-2572000000.0,2023-12-29,28.790000915527344,24.05905532836914
PFE,2022-12-31,2022,Pfizer Inc.,Healthcare,Drug Manufacturers - General,NYQ,USD,27.54,156969009152,210072944640,5699673589,151537890,3.91,0.026600001,0.00104,0.6912,14.948,2.897,101175000000.0,34344000000.0,66831000000.0,35967000000.0,38117000000.0,41031000000.0,34994656000.0,34729000000.0,3328000000.0,0.096,31372000000.0,31401000000.0,13677000000.0,1238000000.0,5608000000.0,5733000000.0,5.59,5.47,197205000000.0,51259000000.0,416000000.0,22732000000.0,10952000000.0,8981000000.0,16274000000.0,42138000000.0,2934000000.0,2934000000.0,1587000000.0,,101289000000.0,59151000000.0,31925000000.0,31925000000.0,34859000000.0,0.0,256000000.0,95661000000.0,95661000000.0,125656000000.0,9121000000.0,5616000000.0,29267000000.0,-3236000000.0,26031000000.0,5064000000.0,-5639000000.0,,-2000000000.0,-2000000000.0,872000000.0,-8983000000.0,3891000000.0,-7407000000.0,2022-12-30,51.2400016784668,40.961421966552734
PFE,2021-12-31,2021,Pfizer Inc.,Healthcare,Drug Manufacturers - General,NYQ,USD,27.54,156969009152,210072944640,5699673589,151537890,3.91,0.026600001,0.00104,0.6912,14.948,2.897,,,,,,,,,,,,,,,,,,,,,,,,,,,,,,,,,,,,0.0,,,,,,,,,,,,,0.0,0.0,,,,,2021-12-31,59.04999923706055,45.71994400024414
PG,2026-06-30,2026,The Procter & Gamble Company,Consumer Defensive,Household & Personal Products,NYQ,USD,146.66,340643151872,365738393600,2322672312,28151807,3.08,0.0121,0.00091,0.71835,22.947,7.3998,87032000000.0,43362000000.0,43670000000.0,21254000000.0,19748000000.0,24414000000.0,16046000000.0,20377000000.0,4233000000.0,0.207734,16046000000.0,16144000000.0,23922000000.0,877000000.0,2333700000.0,2422500000.0,6.75,6.62,126521000000.0,26208000000.0,9942000000.0,9942000000.0,6056000000.0,8170000000.0,25360000000.0,38694000000.0,11297000000.0,11543000000.0,,,72210000000.0,33516000000.0,22842000000.0,23483000000.0,35026000000.0,756000000.0,230000000.0,54081000000.0,53325000000.0,135852000000.0,-12486000000.0,2323859000.0,19556000000.0,-4409000000.0,15147000000.0,3160000000.0,362000000.0,,-5028000000.0,-5028000000.0,524000000.0,-10232000000.0,13267000000.0,-13374000000.0,2026-06-30,146.63999938964844,145.55343627929688
PG,2025-06-30,2025,The Procter & Gamble Company,Consumer Defensive,Household & Personal Products,NYQ,USD,146.66,340643151872,365738393600,2322672312,28151807,3.08,0.0121,0.00091,0.71835,22.947,7.3998,84284000000.0,41164000000.0,43120000000.0,21074000000.0,20451000000.0,23921000000.0,15974000000.0,20167000000.0,4102000000.0,0.203402,15974000000.0,16065000000.0,22669000000.0,907000000.0,2394902549.0,2454400000.0,6.67,6.51,125231000000.0,25392000000.0,9556000000.0,9556000000.0,6185000000.0,7551000000.0,23897000000.0,36058000000.0,9512000000.0,9767000000.0,,,72947000000.0,36889000000.0,24995000000.0,25696000000.0,35463000000.0,777000000.0,272000000.0,52012000000.0,51235000000.0,129973000000.0,-10666000000.0,2341944000.0,17817000000.0,-3773000000.0,14044000000.0,2847000000.0,-821000000.0,,-6500000000.0,-6500000000.0,476000000.0,-9872000000.0,10257000000.0,-9627000000.0,2025-06-30,159.32000732421875,153.717529296875
PG,2024-06-30,2024,The Procter & Gamble Company,Consumer Defensive,Household & Personal Products,NYQ,USD,146.66,340643151872,365738393600,2322672312,28151807,3.08,0.0121,0.00091,0.71835,22.947,7.3998,84039000000.0,40848000000.0,43191000000.0,19686000000.0,19886000000.0,22582000000.0,15949118000.0,18761000000.0,3787000000.0,0.202,14879000000.0,14974000000.0,23305000000.0,925000000.0,2407605178.0,2471900000.0,6.18,6.02,122370000000.0,24709000000.0,9482000000.0,9482000000.0,6118000000.0,7016000000.0,22152000000.0,33627000000.0,7191000000.0,7434000000.0,,,71812000000.0,38185000000.0,25269000000.0,25935000000.0,33369000000.0,798000000.0,272000000.0,50286000000.0,49488000000.0,123811000000.0,-8918000000.0,2357050915.0,19846000000.0,-3322000000.0,16524000000.0,2896000000.0,42000000.0,,-5006000000.0,-5006000000.0,562000000.0,-9312000000.0,7582000000.0,-10024000000.0,2024-06-28,164.9199981689453,155.3236083984375
PG,2023-06-30,2023,The Procter & Gamble Company,Consumer Defensive,Household & Personal Products,NYQ,USD,146.66,340643151872,365738393600,2322672312,28151807,3.08,0.0121,0.00091,0.71835,22.947,7.3998,82006000000.0,42760000000.0,39246000000.0,19109000000.0,18134000000.0,21823000000.0,14653000000.0,18353000000.0,3615000000.0,0.017,14653000000.0,14738000000.0,21112000000.0,756000000.0,2414003295.0,2483900000.0,6.07,5.9,120829000000.0,22648000000.0,8246000000.0,8246000000.0,5471000000.0,7073000000.0,21909000000.0,35756000000.0,10229000000.0,10451000000.0,,,73764000000.0,38008000000.0,24378000000.0,24973000000.0,35424000000.0,819000000.0,288000000.0,46777000000.0,45958000000.0,118170000000.0,-13108000000.0,2362100000.0,16848000000.0,-3062000000.0,13786000000.0,2714000000.0,-873000000.0,,-7353000000.0,-7353000000.0,545000000.0,-8999000000.0,21165000000.0,-18228000000.0,2023-06-30,151.74000549316406,139.33956909179688
PG,2022-06-30,2022,The Procter & Gamble Company,Consumer Defensive,Household & Personal Products,NYQ,USD,146.66,340643151872,365738393600,2322672312,28151807,3.08,0.0121,0.00091,0.71835,22.947,7.3998,,,,,,,,,,,,,,,,,,,,,,,,,,,,,,,,,,,,,,,,,,,,,,,,,,,,,,,2022-06-30,143.7899932861328,128.64540100097656
RTX,2025-12-31,2025,RTX Corporation,Industrials,Aerospace & Defense,NYQ,USD,195.51,263500169216,295589085184,1347758144,12341124,2.86,0.0092,0.00091,0.81702006,49.25,7.85574,88603000000.0,70814000000.0,17789000000.0,10568000000.0,9300000000.0,14946000000.0,6732000000.0,8733000000.0,1664000000.0,0.190542,6732000000.0,7069000000.0,6095000000.0,1835000000.0,1341400000.0,1356400000.0,5.02,4.96,171079000000.0,60332000000.0,7435000000.0,7435000000.0,14701000000.0,13364000000.0,18755000000.0,58784000000.0,3616000000.0,3616000000.0,,,103941000000.0,45157000000.0,34288000000.0,35890000000.0,39506000000.0,0.0,1893000000.0,65245000000.0,65245000000.0,56718000000.0,1548000000.0,1342287676.0,10567000000.0,-3119000000.0,7448000000.0,4378000000.0,-1274000000.0,,-50000000.0,-50000000.0,1092000000.0,-3574000000.0,0.0,-3429000000.0,2025-12-31,183.39999389648438,181.43190002441406
RTX,2024-12-31,2024,RTX Corporation,Industrials,Aerospace & Defense,NYQ,USD,195.51,263500169216,295589085184,1347758144,12341124,2.86,0.0092,0.00091,0.81702006,49.25,7.85574,80738000000.0,65328000000.0,15410000000.0,8164000000.0,6538000000.0,12528000000.0,4774000000.0,6194000000.0,1181000000.0,0.190668,4774000000.0,5013000000.0,5806000000.0,1970000000.0,1332100000.0,1343600000.0,3.58,3.55,162861000000.0,51133000000.0,5578000000.0,5578000000.0,10976000000.0,12768000000.0,17953000000.0,51499000000.0,2535000000.0,2535000000.0,,,100903000000.0,49404000000.0,38726000000.0,40358000000.0,42893000000.0,0.0,1802000000.0,60156000000.0,60156000000.0,53589000000.0,-366000000.0,1332122758.0,7159000000.0,-3236000000.0,3923000000.0,4364000000.0,-1085000000.0,,-444000000.0,-444000000.0,790000000.0,-3217000000.0,0.0,-2500000000.0,2024-12-31,115.72000122070312,112.38292694091797
RTX,2023-12-31,2023,RTX Corporation,Industrials,Aerospace & Defense,NYQ,USD,195.51,263500169216,295589085184,1347758144,12341124,2.86,0.0092,0.00091,0.81702006,49.25,7.85574,68920000000.0,56831000000.0,12089000000.0,5489000000.0,3561000000.0,9700000000.0,3195000000.0,3836000000.0,456000000.0,0.119,3195000000.0,3380000000.0,5809000000.0,1653000000.0,1426000000.0,1435400000.0,2.24,2.23,161869000000.0,48417000000.0,6587000000.0,6587000000.0,10838000000.0,11777000000.0,17386000000.0,46761000000.0,1472000000.0,1472000000.0,,,100424000000.0,53663000000.0,42355000000.0,43767000000.0,45239000000.0,0.0,1647000000.0,59798000000.0,59798000000.0,52154000000.0,1656000000.0,1326907000.0,7883000000.0,-3166000000.0,4717000000.0,4211000000.0,1515000000.0,,-12870000000.0,-12870000000.0,686000000.0,-3239000000.0,22914000000.0,-10578000000.0,2023-12-29,84.13999938964844,79.83899688720703
RTX,2022-12-31,2022,RTX Corporation,Industrials,Aerospace & Defense,NYQ,USD,195.51,263500169216,295589085184,1347758144,12341124,2.86,0.0092,0.00091,0.81702006,49.25,7.85574,67074000000.0,53406000000.0,13668000000.0,7417000000.0,5504000000.0,11525000000.0,5216000000.0,6117000000.0,790000000.0,0.129,5197000000.0,5327000000.0,5573000000.0,1300000000.0,1475500000.0,1485900000.0,3.52,3.5,158864000000.0,42443000000.0,6220000000.0,6220000000.0,9108000000.0,10617000000.0,16999000000.0,39114000000.0,1220000000.0,1220000000.0,,,84650000000.0,45536000000.0,30694000000.0,32280000000.0,33500000000.0,0.0,1582000000.0,72632000000.0,72632000000.0,52269000000.0,3329000000.0,1466240000.0,7168000000.0,-2775000000.0,4393000000.0,4108000000.0,522000000.0,,-2803000000.0,-2803000000.0,420000000.0,-3128000000.0,1000000.0,-3000000.0,2022-12-30,100.91999816894531,93.3116226196289
RTX,2021-12-31,2021,RTX Corporation,Industrials,Aerospace & Defense,NYQ,USD,195.51,263500169216,295589085184,1347758144,12341124,2.86,0.0092,0.00091,0.81702006,49.25,7.85574,,,,,,,,,,,,,3102000000.0,,,,,,,,,,,,,,,,,,,,,,,,,,,,,,,,,,,,,,,,,,2021-12-31,86.05999755859375,77.75064849853516
SBUX,2025-09-30,2025,Starbucks Corporation,Consumer Cyclical,Restaurants,NMS,USD,96.58,110101200896,131789799424,1140000000,40013836,6.2,0.039,0.00127,0.87096,-6.733,3.12132,37184400000.0,28717100000.0,8467300000.0,3049900000.0,3580800000.0,4821400000.0,2517372000.0,2507300000.0,650600000.0,0.259,1856400000.0,1856700000.0,2617200000.0,542600000.0,1136900000.0,1139800000.0,1.632861,1.63,32019700000.0,7382300000.0,3219800000.0,3467000000.0,1277500000.0,2185600000.0,17809200000.0,10210400000.0,1498900000.0,3063400000.0,150300000.0,,40108900000.0,29898500000.0,14575900000.0,23548100000.0,26611500000.0,,7400000.0,-8096600000.0,-8096600000.0,-8272500000.0,-2828100000.0,1136900000.0,4747500000.0,-2305500000.0,2442000000.0,1771500000.0,-1494400000.0,77000000.0,0.0,77000000.0,318300000.0,-2771400000.0,1750900000.0,-1257800000.0,2025-09-30,84.5999984741211,82.49481201171875
SBUX,2024-09-30,2024,Starbucks Corporation,Consumer Cyclical,Restaurants,NMS,USD,96.58,110101200896,131789799424,1140000000,40013836,6.2,0.039,0.00127,0.87096,-6.733,3.12132,36176200000.0,26467100000.0,9709100000.0,5531600000.0,5107600000.0,7124000000.0,3760900000.0,4969600000.0,1207300000.0,0.243,3760900000.0,3762300000.0,2523300000.0,562000000.0,1133500000.0,1137300000.0,3.317953,3.31,31339300000.0,6847400000.0,3286200000.0,3543200000.0,1213800000.0,1777300000.0,17951700000.0,9070000000.0,1248900000.0,2712000000.0,123500000.0,,38780900000.0,29710900000.0,14319500000.0,23091100000.0,25803100000.0,,7300000.0,-7448900000.0,-7448900000.0,-7343800000.0,-2222600000.0,1133500000.0,6095600000.0,-2777500000.0,3318100000.0,1592400000.0,-1048800000.0,108000000.0,-1266700000.0,-1158700000.0,308300000.0,-2585000000.0,2119100000.0,-1982600000.0,2024-09-30,97.48999786376953,92.70108032226562
SBUX,2023-09-30,2023,Starbucks Corporation,Consumer Cyclical,Restaurants,NMS,USD,96.58,110101200896,131789799424,1140000000,40013836,6.2,0.039,0.00127,0.87096,-6.733,3.12132,35975600000.0,26129400000.0,9846200000.0,5952000000.0,5502900000.0,7402300000.0,4071402000.0,5401900000.0,1277200000.0,0.236,4124500000.0,4124700000.0,2441300000.0,550100000.0,1142600000.0,1151300000.0,3.600925,3.58,29445500000.0,7303400000.0,3551500000.0,3953000000.0,1184100000.0,1806400000.0,15799700000.0,9345300000.0,1852100000.0,3127400000.0,189300000.0,,37433300000.0,28088000000.0,13547600000.0,21472400000.0,24599800000.0,,7000000.0,-7994800000.0,-7994800000.0,-7255800000.0,-2041900000.0,1142600000.0,6008700000.0,-2333600000.0,3675100000.0,1450300000.0,-1133400000.0,167400000.0,-984400000.0,-817000000.0,302700000.0,-2431800000.0,1612400000.0,-1253800000.0,2023-09-29,91.2699966430664,84.63856506347656
SBUX,2022-09-30,2022,Starbucks Corporation,Consumer Cyclical,Restaurants,NMS,USD,96.58,110101200896,131789799424,1140000000,40013836,6.2,0.039,0.00127,0.87096,-6.733,3.12132,32250300000.0,23879200000.0,8371100000.0,4714800000.0,4429700000.0,6244200000.0,3317296000.0,4231900000.0,948500000.0,0.224,3281600000.0,3283400000.0,2032000000.0,482900000.0,1147900000.0,1158500000.0,2.860031,2.83,27978400000.0,7018700000.0,2818400000.0,3182900000.0,1175500000.0,2176600000.0,14576100000.0,9151800000.0,1924000000.0,3169700000.0,139200000.0,,36677100000.0,27525300000.0,13119900000.0,20635100000.0,23804800000.0,,7900000.0,-8706600000.0,-8706600000.0,-8449800000.0,-2133100000.0,1147900000.0,4397300000.0,-1841300000.0,2556000000.0,1529400000.0,-2133000000.0,101600000.0,-4013000000.0,-3911400000.0,271500000.0,-2263300000.0,1709700000.0,-1036600000.0,2022-09-30,84.26000213623047,76.51302337646484
SBUX,2021-09-30,2021,Starbucks Corporation,Consumer Cyclical,Restaurants,NMS,USD,96.58,110101200896,131789799424,1140000000,40013836,6.2,0.039,0.00127,0.87096,-6.733,3.12132,,,,,,,,,,,,,,,,,,,,,,,,,,,,,,,,,,,,,,,,,,,,,,,,,,,,,,,2021-09-30,110.30999755859375,97.98242950439453
SLB,2025-12-31,2025,SLB N.V.,Energy,Oil & Gas Equipment & Services,NYQ,USD,54.18,80410877952,89000517632,1484143231,55077331,4.9,0.0425,0.0021600001,0.92522,17.568,3.23475,35708000000.0,29201000000.0,6507000000.0,4849000000.0,5458000000.0,6958000000.0,4130791190.8646,4291000000.0,840000000.0,0.195759,3374000000.0,3451000000.0,340000000.0,558000000.0,1421000000.0,1437000000.0,2.374384,2.35,54868000000.0,19513000000.0,3036000000.0,4212000000.0,8689000000.0,5032000000.0,9056000000.0,14721000000.0,1894000000.0,1894000000.0,894000000.0,,27577000000.0,12856000000.0,9742000000.0,9742000000.0,11636000000.0,,1182000000.0,26109000000.0,26109000000.0,18067000000.0,4792000000.0,1495331485.0,6489000000.0,-1946000000.0,4543000000.0,2109000000.0,-44000000.0,,-2414000000.0,-2414000000.0,332000000.0,-1602000000.0,0.0,-1597000000.0,2025-12-31,38.380001068115234,37.76007080078125
SLB,2024-12-31,2024,SLB N.V.,Energy,Oil & Gas Equipment & Services,NYQ,USD,54.18,80410877952,89000517632,1484143231,55077331,4.9,0.0425,0.0021600001,0.92522,17.568,3.23475,36289000000.0,28829000000.0,7460000000.0,6184000000.0,6326000000.0,8069000000.0,4863034908.32158,5672000000.0,1093000000.0,0.192701,4461000000.0,4579000000.0,385000000.0,512000000.0,1421000000.0,1436000000.0,3.139338,3.11,48935000000.0,18570000000.0,3544000000.0,4669000000.0,8011000000.0,4375000000.0,8257000000.0,12811000000.0,1051000000.0,1051000000.0,982000000.0,,26585000000.0,13774000000.0,11023000000.0,11023000000.0,12074000000.0,,1220000000.0,21130000000.0,21130000000.0,16395000000.0,5759000000.0,1400850420.0,6602000000.0,-2129000000.0,4473000000.0,1885000000.0,-973000000.0,,-1737000000.0,-1737000000.0,316000000.0,-1533000000.0,1475000000.0,-955000000.0,2024-12-31,38.34000015258789,36.56316375732422
SLB,2023-12-31,2023,SLB N.V.,Energy,Oil & Gas Equipment & Services,NYQ,USD,54.18,80410877952,89000517632,1484143231,55077331,4.9,0.0425,0.0021600001,0.92522,17.568,3.23475,33135000000.0,26572000000.0,6563000000.0,5785000000.0,5488000000.0,7544000000.0,4210290000.0,5282000000.0,1007000000.0,0.19,4203000000.0,4275000000.0,364000000.0,503000000.0,1425000000.0,1443000000.0,2.949474,2.91,47957000000.0,17718000000.0,2900000000.0,3989000000.0,7812000000.0,4387000000.0,8109000000.0,13395000000.0,1123000000.0,1123000000.0,994000000.0,,26598000000.0,13203000000.0,10842000000.0,10842000000.0,11965000000.0,,1170000000.0,20189000000.0,20189000000.0,13497000000.0,4323000000.0,1427000000.0,6637000000.0,-2092000000.0,4545000000.0,1759000000.0,-160000000.0,,-694000000.0,-694000000.0,293000000.0,-1317000000.0,994000000.0,-1578000000.0,2023-12-29,52.040000915527344,48.408748626708984
SLB,2022-12-31,2022,SLB N.V.,Energy,Oil & Gas Equipment & Services,NYQ,USD,54.18,80410877952,89000517632,1484143231,55077331,4.9,0.0425,0.0021600001,0.92522,17.568,3.23475,28091000000.0,22930000000.0,5161000000.0,4761000000.0,4151000000.0,6430000000.0,3156460000.0,4271000000.0,779000000.0,0.18,3441000000.0,3492000000.0,376000000.0,490000000.0,1416000000.0,1437000000.0,2.430085,2.39,43135000000.0,15003000000.0,1655000000.0,2894000000.0,6766000000.0,3999000000.0,7286000000.0,12018000000.0,1632000000.0,1632000000.0,1002000000.0,,25146000000.0,13128000000.0,10594000000.0,10594000000.0,12226000000.0,,304000000.0,17685000000.0,17685000000.0,10719000000.0,2985000000.0,1420188492.0,3720000000.0,-1715000000.0,2005000000.0,1669000000.0,-1731000000.0,,0.0,0.0,313000000.0,-848000000.0,0.0,-1650000000.0,2022-12-30,53.459999084472656,48.78751754760742
SLB,2021-12-31,2021,SLB N.V.,Energy,Oil & Gas Equipment & Services,NYQ,USD,54.18,80410877952,89000517632,1484143231,55077331,4.9,0.0425,0.0021600001,0.92522,17.568,3.23475,,,,,,,,,,,,,,,,,,,,,,,,,,,,,,,,,,,,,,,,,,,,,,,,,,,,,,,2021-12-31,29.950000762939453,26.931737899780273
SO,2025-12-31,2025,The Southern Company,Utilities,Utilities - Regulated Electric,NYQ,USD,85.95,98873696256,176956571648,1150362966,35194234,6.08,0.0306,0.00096000003,0.74231005,34.398,4.92431,29553000000.0,15229000000.0,14324000000.0,8237000000.0,7285000000.0,14267000000.0,4057440000.0,4999000000.0,828000000.0,0.166,4341000000.0,4171000000.0,,3238000000.0,1103000000.0,1107397959.0,4.3,3.92,155720000000.0,10917000000.0,1639000000.0,1639000000.0,2251000000.0,3333000000.0,116441000000.0,16888000000.0,6942000000.0,7139000000.0,22000000.0,,116853000000.0,99965000000.0,65649000000.0,66936000000.0,74075000000.0,,2851000000.0,36016000000.0,36016000000.0,14856000000.0,-5971000000.0,1119237015.0,9802000000.0,-12737000000.0,-2935000000.0,6030000000.0,399000000.0,1623000000.0,,1623000000.0,136000000.0,-3015000000.0,12670000000.0,-5878000000.0,2025-12-31,87.19999694824219,85.10714721679688
SO,2024-12-31,2024,The Southern Company,Utilities,Utilities - Regulated Electric,NYQ,USD,85.95,98873696256,176956571648,1150362966,35194234,6.08,0.0306,0.00096000003,0.74231005,34.398,4.92431,26724000000.0,13361000000.0,13363000000.0,7972000000.0,7068000000.0,13238000000.0,4209475000.0,5229000000.0,969000000.0,0.185,4401000000.0,4260000000.0,,2743000000.0,1096000000.0,1103007519.0,4.05,3.99,145180000000.0,10694000000.0,1070000000.0,1070000000.0,2228000000.0,3369000000.0,106743000000.0,15993000000.0,6056000000.0,6256000000.0,57000000.0,,108506000000.0,92513000000.0,58768000000.0,60021000000.0,66277000000.0,,3466000000.0,33208000000.0,33208000000.0,13750000000.0,-5299000000.0,1099000000.0,9788000000.0,-8955000000.0,833000000.0,5266000000.0,1421000000.0,143000000.0,0.0,143000000.0,132000000.0,-2954000000.0,6859000000.0,-3890000000.0,2024-12-31,82.31999969482422,77.74269104003906
SO,2023-12-31,2023,The Southern Company,Utilities,Utilities - Regulated Electric,NYQ,USD,85.95,98873696256,176956571648,1150362966,35194234,6.08,0.0306,0.00096000003,0.74231005,34.398,4.92431,25253000000.0,13477000000.0,11776000000.0,6791000000.0,5826000000.0,11777000000.0,3738552000.0,4345000000.0,496000000.0,0.114,3976000000.0,3849000000.0,,2446000000.0,1092000000.0,1098000000.0,3.64,3.62,139331000000.0,10432000000.0,748000000.0,748000000.0,2030000000.0,3352000000.0,101941000000.0,13467000000.0,4790000000.0,4973000000.0,8000000.0,,104106000000.0,90639000000.0,57210000000.0,58517000000.0,63490000000.0,,3781000000.0,31444000000.0,31444000000.0,12482000000.0,-3035000000.0,1090814507.0,7553000000.0,-9095000000.0,-1542000000.0,4986000000.0,-135000000.0,36000000.0,0.0,36000000.0,137000000.0,-3035000000.0,10295000000.0,-5924000000.0,2023-12-29,70.12000274658203,63.87062072753906
SO,2022-12-31,2022,The Southern Company,Utilities,Utilities - Regulated Electric,NYQ,USD,85.95,98873696256,176956571648,1150362966,35194234,6.08,0.0306,0.00096000003,0.74231005,34.398,4.92431,29279000000.0,18652000000.0,10627000000.0,6245000000.0,5370000000.0,10309000000.0,3353112000.0,4223000000.0,795000000.0,0.188,3535000000.0,3428000000.0,,2022000000.0,1075000000.0,1080981595.0,3.28,3.26,134891000000.0,10416000000.0,1917000000.0,1917000000.0,2128000000.0,2677000000.0,96703000000.0,15724000000.0,6894000000.0,7091000000.0,60000000.0,,100359000000.0,84635000000.0,50656000000.0,52044000000.0,59135000000.0,0.0,4124000000.0,30408000000.0,30408000000.0,11538000000.0,-5308000000.0,1099000000.0,6302000000.0,-7923000000.0,-1621000000.0,4064000000.0,160000000.0,1808000000.0,-298000000.0,1808000000.0,127000000.0,-2907000000.0,7782000000.0,-3645000000.0,2022-12-30,71.41000366210938,62.48761749267578
SO,2021-12-31,2021,The Southern Company,Utilities,Utilities - Regulated Electric,NYQ,USD,85.95,98873696256,176956571648,1150362966,35194234,6.08,0.0306,0.00096000003,0.74231005,34.398,4.92431,,,,,,,,,,,,,,,,,,,,,,,,,,,,,,,,,,,,291000000.0,,,,,,,,,,,,,0.0,,,,,,2021-12-31,68.58000183105469,57.729793548583984
TJX,2026-01-31,2026,"The TJX Companies, Inc.",Consumer Cyclical,Apparel Retail,NYQ,USD,124.64,137100763136,146898731008,1099974061,21724315,3.12,0.0198,0.00155,0.94943,9.414,5.77352,60372000000.0,41679000000.0,18693000000.0,7373000000.0,7178000000.0,8620000000.0,5494000000.0,7299000000.0,1805000000.0,0.247,5494000000.0,5494000000.0,11515000000.0,74000000.0,1107087991.0,1128000000.0,4.962569,4.87,35767000000.0,15202000000.0,6230000000.0,6230000000.0,602000000.0,7297000000.0,18550000000.0,13361000000.0,999000000.0,2725000000.0,170000000.0,,25577000000.0,12216000000.0,1870000000.0,10764000000.0,13489000000.0,0.0,,10190000000.0,10190000000.0,9434000000.0,1841000000.0,1107087991.0,6874000000.0,-1957000000.0,4917000000.0,1247000000.0,-127000000.0,311000000.0,-2522000000.0,-2211000000.0,214000000.0,-1842000000.0,,0.0,2026-01-30,149.80999755859375,148.43161010742188
TJX,2025-01-31,2025,"The TJX Companies, Inc.",Consumer Cyclical,Apparel Retail,NYQ,USD,124.64,137100763136,146898731008,1099974061,21724315,3.12,0.0198,0.00155,0.94943,9.414,5.77352,56360000000.0,39112000000.0,17248000000.0,6559000000.0,6302000000.0,7663000000.0,4864000000.0,6483000000.0,1619000000.0,0.25,4864000000.0,4864000000.0,10946000000.0,76000000.0,1119333622.0,1142000000.0,4.326794,4.26,31749000000.0,12991000000.0,5335000000.0,5335000000.0,549000000.0,6421000000.0,16987000000.0,11008000000.0,,1636000000.0,75000000.0,,23356000000.0,12348000000.0,2866000000.0,11142000000.0,12778000000.0,0.0,,8393000000.0,8393000000.0,7883000000.0,1983000000.0,1119333622.0,6116000000.0,-1918000000.0,4198000000.0,1104000000.0,27000000.0,366000000.0,-2513000000.0,-2147000000.0,183000000.0,-1648000000.0,,0.0,2025-01-31,124.79000091552734,122.12796020507812
TJX,2024-01-31,2024,"The TJX Companies, Inc.",Consumer Cyclical,Apparel Retail,NYQ,USD,124.64,137100763136,146898731008,1099974061,21724315,3.12,0.0198,0.00155,0.94943,9.414,5.77352,54217000000.0,37951000000.0,16266000000.0,6046000000.0,5797000000.0,7010000000.0,4474000000.0,5967000000.0,1493000000.0,0.25,4474000000.0,4474000000.0,10469000000.0,79000000.0,1133586545.0,1159000000.0,3.925674,3.86,29747000000.0,12664000000.0,5600000000.0,5600000000.0,529000000.0,5965000000.0,15967000000.0,10451000000.0,,1620000000.0,99000000.0,,22445000000.0,11994000000.0,2862000000.0,10922000000.0,12542000000.0,0.0,,7302000000.0,7302000000.0,6700000000.0,2213000000.0,1133586545.0,6057000000.0,-1722000000.0,4335000000.0,964000000.0,447000000.0,285000000.0,-2484000000.0,-2199000000.0,160000000.0,-1484000000.0,,-500000000.0,2024-01-31,94.91000366210938,91.6175765991211
TJX,2023-01-31,2023,"The TJX Companies, Inc.",Consumer Cyclical,Apparel Retail,NYQ,USD,124.64,137100763136,146898731008,1099974061,21724315,3.12,0.0198,0.00155,0.94943,9.414,5.77352,49936000000.0,36149000000.0,13787000000.0,4720000000.0,4860000000.0,5607000000.0,3662590000.0,4636000000.0,1138000000.0,0.245,3498000000.0,3498000000.0,8927000000.0,84000000.0,1155437908.0,1178000000.0,3.027424,2.97,28349000000.0,12456000000.0,5477000000.0,5477000000.0,563000000.0,5819000000.0,14869000000.0,10305000000.0,500000000.0,2110000000.0,55000000.0,,21985000000.0,11680000000.0,2859000000.0,10634000000.0,12744000000.0,0.0,,6364000000.0,6364000000.0,5815000000.0,2151000000.0,1155437908.0,4084000000.0,-1457000000.0,2627000000.0,887000000.0,-821000000.0,321000000.0,-2255000000.0,-1934000000.0,122000000.0,-1339000000.0,0.0,0.0,2023-01-31,81.86000061035156,77.8067855834961
TJX,2022-01-31,2022,"The TJX Companies, Inc.",Consumer Cyclical,Apparel Retail,NYQ,USD,124.64,137100763136,146898731008,1099974061,21724315,3.12,0.0198,0.00155,0.94943,9.414,5.77352,,,,,,,,,,,,,,,,,,,,,,,,,,,,,,,,,,,,,,,,,,,,,,,,,,,,,0.0,,2022-01-31,71.97000122070312,67.19879913330078
TMO,2025-12-31,2025,Thermo Fisher Scientific Inc.,Healthcare,Diagnostics & Research,NYQ,USD,641.48,237185482752,265497329664,369747286,5690588,3.37,0.0154,0.0013,0.94084,142.473,27.53117,44557000000.0,26318000000.0,18239000000.0,8727000000.0,8110000000.0,11507000000.0,7026825000.0,7308000000.0,547000000.0,0.075,6704000000.0,6721000000.0,8732000000.0,1419000000.0,377000000.0,378000000.0,17.77,17.74,110343000000.0,28707000000.0,9852000000.0,10105000000.0,8900000000.0,5425000000.0,10565000000.0,15189000000.0,3533000000.0,3533000000.0,,,56807000000.0,41618000000.0,35852000000.0,35852000000.0,39385000000.0,0.0,129000000.0,53407000000.0,53407000000.0,59156000000.0,13518000000.0,376221470.0,7818000000.0,-1525000000.0,6293000000.0,2780000000.0,-1766000000.0,,-3000000000.0,-3000000000.0,310000000.0,-636000000.0,8854000000.0,-3507000000.0,2025-12-31,579.4500122070312,578.2980346679688
TMO,2024-12-31,2024,Thermo Fisher Scientific Inc.,Healthcare,Diagnostics & Research,NYQ,USD,641.48,237185482752,265497329664,369747286,5690588,3.37,0.0154,0.0013,0.94084,142.473,27.53117,42879000000.0,25177000000.0,17702000000.0,8427000000.0,7717000000.0,11535000000.0,6659706000.0,7037000000.0,657000000.0,0.093,6335000000.0,6338000000.0,8595000000.0,1390000000.0,382000000.0,383000000.0,16.58,16.53,97321000000.0,22137000000.0,4009000000.0,5570000000.0,8191000000.0,4978000000.0,9306000000.0,13332000000.0,2214000000.0,2214000000.0,,,47649000000.0,34317000000.0,29061000000.0,29061000000.0,31275000000.0,0.0,87000000.0,49585000000.0,49585000000.0,53102000000.0,8805000000.0,380774334.0,8667000000.0,-1400000000.0,7267000000.0,3108000000.0,-334000000.0,,-4000000000.0,-4000000000.0,301000000.0,-583000000.0,1204000000.0,-3607000000.0,2024-12-31,520.22998046875,517.3660888671875
TMO,2023-12-31,2023,Thermo Fisher Scientific Inc.,Healthcare,Diagnostics & Research,NYQ,USD,641.48,237185482752,265497329664,369747286,5690588,3.37,0.0154,0.0013,0.94084,142.473,27.53117,42857000000.0,25757000000.0,17100000000.0,7673000000.0,7318000000.0,11079000000.0,6477227691.330581,6298000000.0,284000000.0,0.045094,5995000000.0,5955000000.0,8445000000.0,1375000000.0,386000000.0,388000000.0,15.52,15.45,98726000000.0,24589000000.0,8077000000.0,8080000000.0,8221000000.0,5088000000.0,9448000000.0,14012000000.0,3609000000.0,3609000000.0,,,51884000000.0,37872000000.0,31308000000.0,31308000000.0,34917000000.0,,107000000.0,46735000000.0,46735000000.0,47364000000.0,10577000000.0,386647344.0,8406000000.0,-1479000000.0,6927000000.0,3406000000.0,-495000000.0,,-3000000000.0,-3000000000.0,278000000.0,-523000000.0,7562000000.0,-7717000000.0,2023-12-29,530.7899780273438,526.435546875
TMO,2022-12-31,2022,Thermo Fisher Scientific Inc.,Healthcare,Diagnostics & Research,NYQ,USD,641.48,237185482752,265497329664,369747286,5690588,3.37,0.0154,0.0013,0.94084,142.473,27.53117,44915000000.0,25944000000.0,18971000000.0,8561000000.0,8507000000.0,11942000000.0,7200250000.0,7835000000.0,703000000.0,0.09,6950000000.0,6960000000.0,8993000000.0,726000000.0,392000000.0,394000000.0,17.75,17.63,97154000000.0,25229000000.0,8524000000.0,8524000000.0,8115000000.0,5634000000.0,9280000000.0,17010000000.0,5579000000.0,5579000000.0,,,53006000000.0,35996000000.0,28909000000.0,28909000000.0,34488000000.0,,170000000.0,43978000000.0,43978000000.0,41910000000.0,8219000000.0,390510837.0,9154000000.0,-2243000000.0,6911000000.0,3381000000.0,-1008000000.0,,-3000000000.0,-3000000000.0,307000000.0,-455000000.0,4719000000.0,-4065000000.0,2022-12-30,550.6900024414062,544.7147216796875
TMO,2021-12-31,2021,Thermo Fisher Scientific Inc.,Healthcare,Diagnostics & Research,NYQ,USD,641.48,237185482752,265497329664,369747286,5690588,3.37,0.0154,0.0013,0.94084,142.473,27.53117,,,,,,,,,,,,,,,,,,,,,,,,,,,,,,,,,,,,,,,,,,,,,,,,,,,,,,,2021-12-31,667.239990234375,658.5448608398438
UNH,2025-12-31,2025,UnitedHealth Group Incorporated,Healthcare,Healthcare Plans,NYQ,USD,375.94,337441783808,393634512896,897594847,15287263,3.72,0.019,0.00248,0.89699996,108.781,22.54557,447567000000.0,364650000000.0,82917000000.0,18699000000.0,18964000000.0,23060000000.0,12286815000.0,14697000000.0,1890000000.0,0.129,12056000000.0,12807000000.0,,4002000000.0,905838620.0,911000000.0,13.309214,13.23,309581000000.0,90582000000.0,24365000000.0,28121000000.0,23018000000.0,,10762000000.0,114897000000.0,6069000000.0,6069000000.0,,,207883000000.0,92986000000.0,72320000000.0,72320000000.0,78389000000.0,0.0,7588000000.0,94110000000.0,94110000000.0,95603000000.0,-24315000000.0,905838620.0,19697000000.0,-3622000000.0,16075000000.0,4361000000.0,2282000000.0,827000000.0,-5545000000.0,-4718000000.0,971000000.0,-7916000000.0,2969000000.0,-3050000000.0,2025-12-31,330.1099853515625,323.70989990234375
UNH,2024-12-31,2024,UnitedHealth Group Incorporated,Healthcare,Healthcare Plans,NYQ,USD,375.94,337441783808,393634512896,897594847,15287263,3.72,0.019,0.00248,0.89699996,108.781,22.54557,400278000000.0,310879000000.0,89399000000.0,23977000000.0,32287000000.0,28076000000.0,20712290000.0,20071000000.0,4829000000.0,0.241,14405000000.0,15242000000.0,,3906000000.0,915000000.0,929000000.0,15.743169,15.51,298278000000.0,85779000000.0,25312000000.0,29113000000.0,22365000000.0,,10553000000.0,103769000000.0,4545000000.0,4545000000.0,,,195687000000.0,91918000000.0,72359000000.0,72359000000.0,76904000000.0,0.0,9933000000.0,92658000000.0,92658000000.0,96036000000.0,-17990000000.0,915000000.0,24204000000.0,-3499000000.0,20705000000.0,4099000000.0,-808000000.0,1846000000.0,-9000000000.0,-7154000000.0,1018000000.0,-7533000000.0,17811000000.0,-3000000000.0,2024-12-31,505.8599853515625,484.1299743652344
UNH,2023-12-31,2023,UnitedHealth Group Incorporated,Healthcare,Healthcare Plans,NYQ,USD,375.94,337441783808,393634512896,897594847,15287263,3.72,0.019,0.00248,0.89699996,108.781,22.54557,371622000000.0,280664000000.0,90958000000.0,32358000000.0,32358000000.0,36330000000.0,22381000000.0,29112000000.0,5968000000.0,0.205,22381000000.0,23144000000.0,,3246000000.0,924000000.0,938000000.0,24.221861,23.86,273720000000.0,78437000000.0,25427000000.0,29628000000.0,21276000000.0,,11450000000.0,99054000000.0,4274000000.0,4274000000.0,,,174801000000.0,75747000000.0,58263000000.0,58263000000.0,62537000000.0,0.0,10163000000.0,88756000000.0,88756000000.0,95774000000.0,-20617000000.0,924000000.0,29068000000.0,-3386000000.0,25682000000.0,3972000000.0,1643000000.0,1353000000.0,-8000000000.0,-6647000000.0,1059000000.0,-6761000000.0,6394000000.0,-2125000000.0,2023-12-29,526.469970703125,496.0874938964844
UNH,2022-12-31,2022,UnitedHealth Group Incorporated,Healthcare,Healthcare Plans,NYQ,USD,375.94,337441783808,393634512896,897594847,15287263,3.72,0.019,0.00248,0.89699996,108.781,22.54557,324162000000.0,244545000000.0,79617000000.0,28435000000.0,28435000000.0,31835000000.0,20120000000.0,26343000000.0,5704000000.0,0.217,20120000000.0,20639000000.0,,2092000000.0,934000000.0,950000000.0,21.541756,21.18,245705000000.0,69069000000.0,23365000000.0,27911000000.0,17681000000.0,,10128000000.0,89237000000.0,3110000000.0,3110000000.0,,,159358000000.0,70121000000.0,54513000000.0,54513000000.0,57623000000.0,0.0,8575000000.0,77772000000.0,77772000000.0,86156000000.0,-20168000000.0,934000000.0,26206000000.0,-2802000000.0,23404000000.0,3400000000.0,2246000000.0,1253000000.0,-7000000000.0,-5747000000.0,925000000.0,-5991000000.0,14819000000.0,-3015000000.0,2022-12-30,530.1799926757812,492.17352294921875
UNH,2021-12-31,2021,UnitedHealth Group Incorporated,Healthcare,Healthcare Plans,NYQ,USD,375.94,337441783808,393634512896,897594847,15287263,3.72,0.019,0.00248,0.89699996,108.781,22.54557,,,,,,,,,,,,,,,,,,,,,,,,,,,,,,,,,,,,,,,,,,,,,,,,,,,,,,,2021-12-31,502.1400146484375,460.2494201660156
UNP,2025-12-31,2025,Union Pacific Corporation,Industrials,Railroads,NYQ,USD,284.03,168735277056,198414041088,594075498,27740373,11.25,0.0519,0.00071000005,0.91296,32.708,14.15497,24510000000.0,13290000000.0,11220000000.0,10475000000.0,9846000000.0,12940000000.0,7138000000.0,9166000000.0,2028000000.0,0.221252,7138000000.0,7138000000.0,,1309000000.0,595000000.0,595900000.0,12.0,11.98,69698000000.0,4555000000.0,1266000000.0,1516000000.0,1860000000.0,787000000.0,60681000000.0,5014000000.0,1520000000.0,1790000000.0,,,51231000000.0,46217000000.0,30294000000.0,31032000000.0,32822000000.0,,,18467000000.0,18467000000.0,69529000000.0,-459000000.0,593245884.0,9290000000.0,-3791000000.0,5499000000.0,2465000000.0,-361000000.0,,-2679000000.0,-2679000000.0,,-3236000000.0,1995000000.0,-1428000000.0,2025-12-31,231.32000732421875,227.87059020996094
UNP,2024-12-31,2024,Union Pacific Corporation,Industrials,Railroads,NYQ,USD,284.03,168735277056,198414041088,594075498,27740373,11.25,0.0519,0.00071000005,0.91296,32.708,14.15497,24250000000.0,13211000000.0,11039000000.0,10063000000.0,9713000000.0,12461000000.0,6747000000.0,8794000000.0,2047000000.0,0.232772,6747000000.0,6747000000.0,,1269000000.0,607600000.0,608600000.0,11.1,11.09,67715000000.0,4021000000.0,1016000000.0,1036000000.0,1894000000.0,769000000.0,59640000000.0,5254000000.0,1425000000.0,1771000000.0,,,50825000000.0,45571000000.0,29767000000.0,30692000000.0,32463000000.0,,,16890000000.0,16890000000.0,65628000000.0,-1233000000.0,604241260.0,9346000000.0,-3452000000.0,5894000000.0,2398000000.0,186000000.0,,-1505000000.0,-1505000000.0,,-3213000000.0,800000000.0,-2226000000.0,2024-12-31,228.0399932861328,219.40408325195312
UNP,2023-12-31,2023,Union Pacific Corporation,Industrials,Railroads,NYQ,USD,284.03,168735277056,198414041088,594075498,27740373,11.25,0.0519,0.00071000005,0.91296,32.708,14.15497,24119000000.0,13590000000.0,10529000000.0,9573000000.0,9082000000.0,11891000000.0,6379000000.0,8233000000.0,1854000000.0,0.225,6379000000.0,6379000000.0,,1340000000.0,609200000.0,610200000.0,10.47,10.45,67132000000.0,4148000000.0,1055000000.0,1071000000.0,2073000000.0,743000000.0,59041000000.0,5106000000.0,1423000000.0,1778000000.0,,,52344000000.0,47238000000.0,31156000000.0,32401000000.0,34179000000.0,,,14788000000.0,14788000000.0,62093000000.0,-958000000.0,609703814.0,8379000000.0,-3606000000.0,4773000000.0,2318000000.0,-303000000.0,,-705000000.0,-705000000.0,,-3173000000.0,1599000000.0,-2190000000.0,2023-12-29,245.6199951171875,231.200927734375
UNP,2022-12-31,2022,Union Pacific Corporation,Industrials,Railroads,NYQ,USD,284.03,168735277056,198414041088,594075498,27740373,11.25,0.0519,0.00071000005,0.91296,32.708,14.15497,24875000000.0,13670000000.0,11205000000.0,10343000000.0,9917000000.0,12589000000.0,6998000000.0,9072000000.0,2074000000.0,0.229,6998000000.0,6998000000.0,,1271000000.0,622700000.0,624000000.0,11.24,11.21,65449000000.0,3952000000.0,973000000.0,1019000000.0,1891000000.0,741000000.0,57710000000.0,5520000000.0,1678000000.0,2009000000.0,,,53286000000.0,47766000000.0,31648000000.0,32948000000.0,34957000000.0,,,12163000000.0,12163000000.0,58887000000.0,-1568000000.0,612393321.0,9362000000.0,-3620000000.0,5742000000.0,2246000000.0,8000000.0,,-6282000000.0,-6282000000.0,,-3159000000.0,6080000000.0,-2291000000.0,2022-12-30,207.07000732421875,190.11888122558594
UNP,2021-12-31,2021,Union Pacific Corporation,Industrials,Railroads,NYQ,USD,284.03,168735277056,198414041088,594075498,27740373,11.25,0.0519,0.00071000005,0.91296,32.708,14.15497,,,,,,,,,,,,,,,,,,,,,,,,,,,,,,,,,,,,,,,,,,,,,,,,,,,,,,,2021-12-31,251.92999267578125,226.1536865234375
UPS,2025-12-31,2025,"United Parcel Service, Inc.",Industrials,Integrated Freight & Logistics,NYQ,USD,102.38,87103012864,111223078912,749349405,25339039,5.41,0.033800002,0.00017000001,0.73373,17.705,8.0749,88661000000.0,72631000000.0,16030000000.0,8181000000.0,7867000000.0,11927000000.0,,7164000000.0,1592000000.0,0.222,5572000000.0,5572000000.0,,1017000000.0,849000000.0,850000000.0,6.56,6.56,73090000000.0,19045000000.0,5887000000.0,5887000000.0,11209000000.0,739000000.0,41994000000.0,15620000000.0,608000000.0,1371000000.0,,,56835000000.0,41215000000.0,23519000000.0,27219000000.0,28590000000.0,,28000000.0,16227000000.0,16227000000.0,20151000000.0,3425000000.0,848900000.0,8450000000.0,-3685000000.0,4765000000.0,3746000000.0,-997000000.0,159000000.0,-1000000000.0,-841000000.0,73000000.0,-5398000000.0,4153000000.0,-2069000000.0,2025-12-31,99.19000244140625,94.69426727294922
UPS,2024-12-31,2024,"United Parcel Service, Inc.",Industrials,Integrated Freight & Logistics,NYQ,USD,102.38,87103012864,111223078912,749349405,25339039,5.41,0.033800002,0.00017000001,0.73373,17.705,8.0749,91070000000.0,74714000000.0,16356000000.0,8308000000.0,8468000000.0,11917000000.0,,7442000000.0,1660000000.0,0.223,5782000000.0,5782000000.0,,866000000.0,855000000.0,856000000.0,6.76,6.75,70070000000.0,19310000000.0,6112000000.0,6112000000.0,10871000000.0,826000000.0,41328000000.0,16441000000.0,1838000000.0,2571000000.0,,,53327000000.0,36886000000.0,19446000000.0,23081000000.0,25652000000.0,,25000000.0,16718000000.0,16718000000.0,20882000000.0,2869000000.0,853900000.0,10122000000.0,-3909000000.0,6213000000.0,3609000000.0,256000000.0,232000000.0,-500000000.0,-268000000.0,24000000.0,-5399000000.0,2785000000.0,-2487000000.0,2024-12-31,126.0999984741211,112.64230346679688
UPS,2023-12-31,2023,"United Parcel Service, Inc.",Industrials,Integrated Freight & Logistics,NYQ,USD,102.38,87103012864,111223078912,749349405,25339039,5.41,0.033800002,0.00017000001,0.73373,17.705,8.0749,90958000000.0,73720000000.0,17238000000.0,9360000000.0,9141000000.0,12726000000.0,6536642015.630468,8573000000.0,1865000000.0,0.217543,6708000000.0,6708000000.0,,787000000.0,859000000.0,860000000.0,7.81,7.8,70857000000.0,19413000000.0,3169000000.0,6035000000.0,11216000000.0,935000000.0,41253000000.0,17676000000.0,3348000000.0,4057000000.0,,,53543000000.0,35867000000.0,18916000000.0,22672000000.0,26729000000.0,,8000000.0,17306000000.0,17306000000.0,21055000000.0,1737000000.0,853616677.0,10238000000.0,-5158000000.0,5080000000.0,3366000000.0,-372000000.0,248000000.0,-2250000000.0,-2002000000.0,220000000.0,-5372000000.0,3429000000.0,-2429000000.0,2023-12-29,157.22999572753906,133.98736572265625
UPS,2022-12-31,2022,"United Parcel Service, Inc.",Industrials,Integrated Freight & Logistics,NYQ,USD,102.38,87103012864,111223078912,749349405,25339039,5.41,0.033800002,0.00017000001,0.73373,17.705,8.0749,100338000000.0,79324000000.0,21014000000.0,15529000000.0,13094000000.0,18717000000.0,,14825000000.0,3277000000.0,0.221,11548000000.0,11548000000.0,,704000000.0,871000000.0,875000000.0,13.26,13.2,71124000000.0,22217000000.0,5602000000.0,7595000000.0,12583000000.0,889000000.0,38474000000.0,18140000000.0,2341000000.0,2962000000.0,,,51321000000.0,33181000000.0,17321000000.0,20559000000.0,23521000000.0,,17000000.0,19786000000.0,19786000000.0,21326000000.0,4077000000.0,858800000.0,14104000000.0,-4769000000.0,9335000000.0,3188000000.0,-369000000.0,262000000.0,-3500000000.0,-3238000000.0,1568000000.0,-5114000000.0,0.0,-2304000000.0,2022-12-30,173.83999633789062,142.47622680664062
UPS,2021-12-31,2021,"United Parcel Service, Inc.",Industrials,Integrated Freight & Logistics,NYQ,USD,102.38,87103012864,111223078912,749349405,25339039,5.41,0.033800002,0.00017000001,0.73373,17.705,8.0749,,,,,,,,,,,,,,,,,,,,,,,,,,,,,,,,,,,,,,,,,,,,,,,,,,,,,,,2021-12-31,214.33999633789062,170.0418701171875
WFC,2025-12-31,2025,Wells Fargo & Company,Financial Services,Banks - Diversified,NYQ,USD,89.72,271313207296,267797987328,3023999336,11904,0.0,0.0,0.00090000004,0.78762,53.194,7.90196,83699000000.0,,,,,,21338000000.0,25199000000.0,3841000000.0,0.152427,21338000000.0,21358000000.0,37981000000.0,39830000000.0,3201800000.0,3242300000.0,6.34,6.26,2148631000000.0,,174210000000.0,,22981000000.0,,20035000000.0,,18323000000.0,18323000000.0,,,1965593000000.0,,174712000000.0,174712000000.0,193035000000.0,16608000000.0,1921000000.0,181117000000.0,164509000000.0,228873000000.0,,3092618850.0,-19001000000.0,,-19001000000.0,7713000000.0,-51961000000.0,0.0,-19516000000.0,-17516000000.0,,-6484000000.0,31340000000.0,-34470000000.0,2025-12-31,93.19999694824219,91.69053649902344
WFC,2024-12-31,2024,Wells Fargo & Company,Financial Services,Banks - Diversified,NYQ,USD,89.72,271313207296,267797987328,3023999336,11904,0.0,0.0,0.00090000004,0.78762,53.194,7.90196,82296000000.0,,,,,,19722000000.0,23364000000.0,3399000000.0,0.14548,19722000000.0,19965000000.0,37231000000.0,43101000000.0,3426100000.0,3467600000.0,5.43,5.37,1929845000000.0,,203361000000.0,,23028000000.0,,19433000000.0,,2704000000.0,2704000000.0,,,1748779000000.0,,173078000000.0,173078000000.0,175782000000.0,18608000000.0,1946000000.0,179120000000.0,160512000000.0,214198000000.0,,3288943829.0,3035000000.0,,3035000000.0,7558000000.0,-22029000000.0,1997000000.0,-22288000000.0,-19448000000.0,,-6232000000.0,29014000000.0,-55582000000.0,2024-12-31,70.23999786376953,67.63272857666016
WFC,2023-12-31,2023,Wells Fargo & Company,Financial Services,Banks - Diversified,NYQ,USD,89.72,271313207296,267797987328,3023999336,11904,0.0,0.0,0.00090000004,0.78762,53.194,7.90196,82597000000.0,,,,,,19142000000.0,21636000000.0,2607000000.0,0.12,19142000000.0,19029000000.0,37338000000.0,32743000000.0,3688300000.0,3720400000.0,4.88,4.83,1932468000000.0,,237219000000.0,,34474000000.0,,18236000000.0,,11883000000.0,11883000000.0,,,1745025000000.0,,207569000000.0,207588000000.0,219471000000.0,19448000000.0,1708000000.0,185735000000.0,166287000000.0,201136000000.0,,3598862582.0,40358000000.0,,40358000000.0,6271000000.0,4975000000.0,1722000000.0,-13576000000.0,-11851000000.0,,-5930000000.0,49071000000.0,-22886000000.0,2023-12-29,49.220001220703125,46.1725959777832
WFC,2022-12-31,2022,Wells Fargo & Company,Financial Services,Banks - Diversified,NYQ,USD,89.72,271313207296,267797987328,3023999336,11904,0.0,0.0,0.00090000004,0.78762,53.194,7.90196,74368000000.0,,,,,,13677000000.0,15629000000.0,2251000000.0,0.141,13677000000.0,13378000000.0,35595000000.0,9074000000.0,3805200000.0,3837000000.0,3.17,3.14,1881020000000.0,,159157000000.0,,27116000000.0,,17977000000.0,,20522000000.0,20522000000.0,,,1698807000000.0,,174848000000.0,174870000000.0,195392000000.0,19448000000.0,1986000000.0,180227000000.0,160779000000.0,187968000000.0,,3833804452.0,27048000000.0,,27048000000.0,6832000000.0,29407000000.0,0.0,-6033000000.0,-6033000000.0,,-5293000000.0,53737000000.0,-19587000000.0,2022-12-30,41.290000915527344,37.55811309814453
WFC,2021-12-31,2021,Wells Fargo & Company,Financial Services,Banks - Diversified,NYQ,USD,89.72,271313207296,267797987328,3023999336,11904,0.0,0.0,0.00090000004,0.78762,53.194,7.90196,,,,,,,,,,,,,,,,,,,,,,,,,,,,,,,,,,,,,,,,,,,,,,,,,,,,,,,2021-12-31,47.97999954223633,42.64214324951172
WMT,2026-01-31,2026,Walmart Inc.,Consumer Defensive,Discount Stores,NMS,USD,108.09,860188704768,935537016832,7958079155,85346340,3.1,0.019299999,0.44988,0.38202,11.848,3.23048,713163000000.0,535395000000.0,177768000000.0,32268000000.0,29825000000.0,46471000000.0,21893000000.0,29469000000.0,7199000000.0,0.244291,21893000000.0,22270000000.0,,2799000000.0,7983000000.0,8022000000.0,2.74,2.73,284668000000.0,84874000000.0,10727000000.0,10727000000.0,11172000000.0,58851000000.0,156956000000.0,107469000000.0,10138000000.0,12625000000.0,596000000.0,,178488000000.0,71019000000.0,34624000000.0,54470000000.0,67095000000.0,,6563000000.0,99617000000.0,99617000000.0,104774000000.0,-22595000000.0,7969000000.0,41565000000.0,-26642000000.0,14923000000.0,14203000000.0,752000000.0,,-8088000000.0,-8088000000.0,,-7507000000.0,3983000000.0,-2625000000.0,2026-01-30,119.13999938964844,118.3861083984375
WMT,2025-01-31,2025,Walmart Inc.,Consumer Defensive,Discount Stores,NMS,USD,108.09,860188704768,935537016832,7958079155,85346340,3.1,0.019299999,0.44988,0.38202,11.848,3.23048,680985000000.0,511753000000.0,169232000000.0,29037000000.0,29348000000.0,42010000000.0,19436000000.0,26309000000.0,6152000000.0,0.233836,19436000000.0,20157000000.0,139884000000.0,2728000000.0,8041000000.0,8081000000.0,2.42,2.41,260823000000.0,79458000000.0,9037000000.0,9037000000.0,9975000000.0,56435000000.0,139704000000.0,96584000000.0,5666000000.0,7965000000.0,608000000.0,,163131000000.0,66547000000.0,33401000000.0,52149000000.0,60114000000.0,,6679000000.0,91013000000.0,91013000000.0,98313000000.0,-17126000000.0,8024000000.0,36443000000.0,-23783000000.0,12660000000.0,12973000000.0,181000000.0,,-4494000000.0,-4494000000.0,,-6688000000.0,0.0,-3468000000.0,2025-01-31,98.16000366210938,96.61406707763672
WMT,2024-01-31,2024,Walmart Inc.,Consumer Defensive,Discount Stores,NMS,USD,108.09,860188704768,935537016832,7958079155,85346340,3.1,0.019299999,0.44988,0.38202,11.848,3.23048,648125000000.0,490142000000.0,157983000000.0,24531000000.0,27012000000.0,36384000000.0,15511000000.0,21848000000.0,5578000000.0,0.255,15511000000.0,16270000000.0,130971000000.0,2683000000.0,8076000000.0,8109000000.0,1.92,1.913333,252399000000.0,76877000000.0,9867000000.0,9867000000.0,8796000000.0,54892000000.0,130338000000.0,92415000000.0,4325000000.0,6537000000.0,307000000.0,,161828000000.0,69413000000.0,36132000000.0,54784000000.0,61321000000.0,,6710000000.0,83861000000.0,83861000000.0,89814000000.0,-15538000000.0,8054000001.0,35726000000.0,-20606000000.0,15120000000.0,11853000000.0,1943000000.0,,-2779000000.0,-2779000000.0,,-6140000000.0,4967000000.0,-4217000000.0,2024-01-31,55.08333206176758,53.57367706298828
WMT,2023-01-31,2023,Walmart Inc.,Consumer Defensive,Discount Stores,NMS,USD,108.09,860188704768,935537016832,7958079155,85346340,3.1,0.019299999,0.44988,0.38202,11.848,3.23048,611289000000.0,463721000000.0,147568000000.0,19144000000.0,20428000000.0,30089000000.0,11680000000.0,17016000000.0,5724000000.0,0.336,11680000000.0,11292000000.0,127140000000.0,2128000000.0,8172000000.0,8202000000.0,1.43,1.423333,243197000000.0,75655000000.0,8625000000.0,8625000000.0,7933000000.0,56576000000.0,119234000000.0,92198000000.0,4563000000.0,6603000000.0,727000000.0,,159206000000.0,67008000000.0,34649000000.0,52320000000.0,58923000000.0,,7298000000.0,76693000000.0,76693000000.0,83135000000.0,-16543000000.0,8100000000.0,28841000000.0,-16857000000.0,11984000000.0,10945000000.0,2553000000.0,,-9920000000.0,-9920000000.0,,-6114000000.0,5041000000.0,-2689000000.0,2023-01-31,47.956668853759766,45.94160079956055
WMT,2022-01-31,2022,Walmart Inc.,Consumer Defensive,Discount Stores,NMS,USD,108.09,860188704768,935537016832,7958079155,85346340,3.1,0.019299999,0.44988,0.38202,11.848,3.23048,,,,,,,,,,,,,117812000000.0,,,,,,,,,,,,,,,,,,,,,,,,,,,,,,,,,,,,,,,,,,2022-01-31,46.60333251953125,43.95419692993164
XOM,2025-12-31,2025,ExxonMobil Holdings Corporation,Energy,Oil & Gas Integrated,NYQ,USD,169.27,696023318528,717305413632,4111911960,39700806,2.77,0.0108,0.00082,0.6706,63.08,10.79067,323905000000.0,252665000000.0,71240000000.0,41871000000.0,33938000000.0,67864000000.0,28844000000.0,41268000000.0,11504000000.0,0.31,28844000000.0,29764000000.0,11128000000.0,603000000.0,4305074627.0,4305074627.0,6.7,6.7,448980000000.0,83382000000.0,10681000000.0,10681000000.0,35744000000.0,26302000000.0,299373000000.0,72330000000.0,9296000000.0,9296000000.0,2123000000.0,,182354000000.0,110024000000.0,27928000000.0,34241000000.0,43537000000.0,,7240000000.0,259386000000.0,259386000000.0,482494000000.0,11052000000.0,4179000000.0,51970000000.0,-28358000000.0,23612000000.0,25993000000.0,-7728000000.0,,-20273000000.0,-20273000000.0,,-17231000000.0,6565000000.0,-6512000000.0,2025-12-31,120.33999633789062,117.97337341308594
XOM,2024-12-31,2024,ExxonMobil Holdings Corporation,Energy,Oil & Gas Integrated,NYQ,USD,169.27,696023318528,717305413632,4111911960,39700806,2.77,0.0108,0.00082,0.6706,63.08,10.79067,339247000000.0,262505000000.0,76742000000.0,49869000000.0,39652000000.0,73311000000.0,33680000000.0,48873000000.0,13810000000.0,0.33,33680000000.0,35063000000.0,9976000000.0,996000000.0,4295918367.0,4298000000.0,7.84,7.84,453475000000.0,91990000000.0,23029000000.0,23029000000.0,35282000000.0,23524000000.0,294318000000.0,70307000000.0,4955000000.0,4955000000.0,4055000000.0,,182869000000.0,112562000000.0,32804000000.0,36755000000.0,41710000000.0,,6901000000.0,263705000000.0,263705000000.0,470903000000.0,21683000000.0,4353094536.0,55022000000.0,-24306000000.0,30716000000.0,23442000000.0,-1826000000.0,,-19629000000.0,-19629000000.0,,-16704000000.0,899000000.0,-5911000000.0,2024-12-31,107.56999969482422,101.72120666503906
XOM,2023-12-31,2023,ExxonMobil Holdings Corporation,Energy,Oil & Gas Integrated,NYQ,USD,169.27,696023318528,717305413632,4111911960,39700806,2.77,0.0108,0.00082,0.6706,63.08,10.79067,334697000000.0,250555000000.0,84142000000.0,53632000000.0,44461000000.0,74273000000.0,36010000000.0,52783000000.0,15429000000.0,0.33,36010000000.0,37354000000.0,9919000000.0,849000000.0,4050618673.0,4052000000.0,8.89,8.89,376317000000.0,96609000000.0,31539000000.0,31539000000.0,30296000000.0,25120000000.0,214940000000.0,65316000000.0,4090000000.0,4090000000.0,3189000000.0,,163779000000.0,98463000000.0,33645000000.0,37483000000.0,41573000000.0,,7736000000.0,204802000000.0,204802000000.0,453927000000.0,31293000000.0,3971000000.0,55369000000.0,-21919000000.0,33450000000.0,20641000000.0,-4255000000.0,,-17748000000.0,-17748000000.0,,-14941000000.0,939000000.0,-1178000000.0,2023-12-29,99.9800033569336,91.42524719238281
XOM,2022-12-31,2022,ExxonMobil Holdings Corporation,Energy,Oil & Gas Integrated,NYQ,USD,169.27,696023318528,717305413632,4111911960,39700806,2.77,0.0108,0.00082,0.6706,63.08,10.79067,398675000000.0,295608000000.0,103067000000.0,78551000000.0,64028000000.0,102591000000.0,55740000000.0,77753000000.0,20176000000.0,0.33,55740000000.0,57577000000.0,10095000000.0,798000000.0,4203619910.0,4205000000.0,13.26,13.26,369067000000.0,97631000000.0,29640000000.0,29640000000.0,32844000000.0,24435000000.0,204692000000.0,69045000000.0,634000000.0,634000000.0,5214000000.0,,166594000000.0,97549000000.0,37260000000.0,40559000000.0,41193000000.0,,7424000000.0,195049000000.0,195049000000.0,432860000000.0,28586000000.0,4082000000.0,76797000000.0,-18407000000.0,58390000000.0,24040000000.0,-194000000.0,,-15155000000.0,-15155000000.0,,-14939000000.0,860000000.0,-8080000000.0,2022-12-30,110.30000305175781,97.53226470947266
XOM,2021-12-31,2021,ExxonMobil Holdings Corporation,Energy,Oil & Gas Integrated,NYQ,USD,169.27,696023318528,717305413632,4111911960,39700806,2.77,0.0108,0.00082,0.6706,63.08,10.79067,,,,,,,,,,,,,9574000000.0,,,,,,,,,,,,,,,,,,,,,,,,,,,,,,,,,,,,,,,,,,2021-12-31,61.189998626708984,52.042442321777344
